,happy_id,year_recorded,code,country,happiness_rank,happiness_score,economy_gdp,social_support,life_expectancy,freedom,govt_corruption,generosity
0,2015_CH,2015,CH,Switzerland,1,7.587000000000001,1.3965100000000001,1.34951,0.9414299999999999,0.66557,0.41978000000000004,0.29678000000000004
1,2015_IS,2015,IS,Iceland,2,7.561,1.3023200000000001,1.4022299999999999,0.94784,0.6287699999999999,0.14145,0.4363
2,2015_DK,2015,DK,Denmark,3,7.527,1.32548,1.36058,0.87464,0.6493800000000001,0.48357,0.34139
3,2015_NO,2015,NO,Norway,4,7.522,1.459,1.33095,0.88521,0.66973,0.36503,0.34699
4,2015_CA,2015,CA,Canada,5,7.4270000000000005,1.32629,1.32261,0.9056299999999999,0.63297,0.32957,0.45811
5,2015_FI,2015,FI,Finland,6,7.406000000000001,1.29025,1.31826,0.8891100000000001,0.64169,0.41372,0.23351
6,2015_NL,2015,NL,Netherlands,7,7.377999999999999,1.32944,1.28017,0.89284,0.6157600000000001,0.31814000000000003,0.4761
7,2015_SE,2015,SE,Sweden,8,7.364,1.33171,1.2890700000000002,0.9108700000000001,0.6598,0.43843999999999994,0.36262
8,2015_NZ,2015,NZ,New Zealand,9,7.2860000000000005,1.2501799999999998,1.3196700000000001,0.9083700000000001,0.6393800000000001,0.42922,0.47501000000000004
9,2015_AU,2015,AU,Australia,10,7.284,1.33358,1.30923,0.93156,0.6512399999999999,0.35636999999999996,0.43562
10,2015_IL,2015,IL,Israel,11,7.278,1.2285700000000002,1.22393,0.9138700000000001,0.41318999999999995,0.07785,0.33171999999999996
11,2015_CR,2015,CR,Costa Rica,12,7.226,0.95578,1.2378799999999999,0.8602700000000001,0.63376,0.10583,0.25497
12,2015_AT,2015,AT,Austria,13,7.2,1.33723,1.29704,0.8904200000000001,0.62433,0.18675999999999998,0.33088
13,2015_MX,2015,MX,Mexico,14,7.187,1.02054,0.91451,0.8144399999999999,0.48181,0.21311999999999998,0.14074
14,2015_US,2015,US,United States,15,7.119,1.3945100000000001,1.24711,0.86179,0.54604,0.1589,0.40105
15,2015_BR,2015,BR,Brazil,16,6.983,0.98124,1.2328700000000001,0.69702,0.49049,0.17521,0.14574
16,2015_LU,2015,LU,Luxembourg,17,6.946000000000001,1.5639100000000001,1.21963,0.91894,0.61583,0.37798000000000004,0.28034000000000003
17,2015_IE,2015,IE,Ireland,18,6.94,1.33596,1.36948,0.89533,0.6177699999999999,0.28703,0.45901000000000003
18,2015_BE,2015,BE,Belgium,19,6.937,1.30782,1.28566,0.8966700000000001,0.5845,0.2254,0.2225
19,2015_AE,2015,AE,United Arab Emirates,20,6.901,1.42727,1.12575,0.80925,0.64157,0.38583,0.26428
20,2015_GB,2015,GB,United Kingdom,21,6.867000000000001,1.26637,1.28548,0.90943,0.59625,0.32066999999999996,0.51912
21,2015_OM,2015,OM,Oman,22,6.853,1.36011,1.08182,0.76276,0.63274,0.32524000000000003,0.21541999999999997
22,2015_VE,2015,VE,Venezuela,23,6.81,1.04424,1.25596,0.7205199999999999,0.42908,0.11069000000000001,0.058410000000000004
23,2015_SG,2015,SG,Singapore,24,6.797999999999999,1.52186,1.02,1.02525,0.54252,0.4921,0.31105
24,2015_PA,2015,PA,Panama,25,6.7860000000000005,1.0635299999999999,1.1985,0.79661,0.5421,0.0927,0.24434
25,2015_DE,2015,DE,Germany,26,6.75,1.32792,1.2993700000000001,0.89186,0.6147699999999999,0.21843,0.28214
26,2015_CL,2015,CL,Chile,27,6.67,1.10715,1.12447,0.85857,0.44132,0.12869,0.33363000000000004
27,2015_QA,2015,QA,Qatar,28,6.611000000000001,1.69042,1.0786,0.79733,0.6404,0.52208,0.32573
28,2015_FR,2015,FR,France,29,6.575,1.27778,1.2603799999999998,0.9457899999999999,0.55011,0.20646,0.12332
29,2015_AR,2015,AR,Argentina,30,6.574,1.05351,1.24823,0.78723,0.44974,0.08484,0.11450999999999999
30,2015_CZ,2015,CZ,Czech Republic,31,6.505,1.17898,1.20643,0.84483,0.46363999999999994,0.02652,0.10686
31,2015_UY,2015,UY,Uruguay,32,6.485,1.06166,1.2089,0.8116,0.6036199999999999,0.24558000000000002,0.2324
32,2015_CO,2015,CO,Colombia,33,6.477,0.91861,1.2401799999999998,0.69077,0.53466,0.0512,0.18400999999999998
33,2015_TH,2015,TH,Thailand,34,6.455,0.9669,1.26504,0.7385,0.5566399999999999,0.031869999999999996,0.5763
34,2015_SA,2015,SA,Saudi Arabia,35,6.4110000000000005,1.39541,1.0839299999999998,0.72025,0.31048000000000003,0.32524000000000003,0.13706
35,2015_ES,2015,ES,Spain,36,6.329,1.23011,1.31379,0.95562,0.45951000000000003,0.06398,0.18227000000000002
36,2015_MT,2015,MT,Malta,37,6.3020000000000005,1.2074,1.30203,0.88721,0.60365,0.13585999999999998,0.51752
37,2015_TW,2015,TW,Taiwan,38,6.297999999999999,1.29098,1.07617,0.8753,0.3974,0.08129,0.25376
38,2015_KW,2015,KW,Kuwait,39,6.295,1.5542200000000002,1.16594,0.72492,0.55499,0.25609,0.16228
39,2015_SR,2015,SR,Suriname,40,6.269,0.99534,0.972,0.6082,0.5965699999999999,0.13633,0.16990999999999998
40,2015_TT,2015,TT,Trinidad and Tobago,41,6.167999999999999,1.21183,1.18354,0.61483,0.55884,0.0114,0.31844
41,2015_SV,2015,SV,El Salvador,42,6.13,0.76454,1.0250700000000001,0.67737,0.4035,0.11775999999999999,0.10692
42,2015_GT,2015,GT,Guatemala,43,6.122999999999999,0.74553,1.04356,0.64425,0.57733,0.09472,0.27489
43,2015_UZ,2015,UZ,Uzbekistan,44,6.002999999999999,0.63244,1.34043,0.59772,0.6582100000000001,0.30826,0.22837
44,2015_SK,2015,SK,Slovakia,45,5.995,1.1689100000000001,1.26999,0.7890199999999999,0.31751,0.03431,0.16893
45,2015_JP,2015,JP,Japan,46,5.987,1.27074,1.25712,0.99111,0.49615,0.1806,0.10705
46,2015_KR,2015,KR,South Korea,47,5.984,1.24461,0.9577399999999999,0.9653799999999999,0.33208000000000004,0.07857,0.18557
47,2015_EC,2015,EC,Ecuador,48,5.975,0.8640200000000001,0.99903,0.79075,0.48573999999999995,0.1809,0.11540999999999998
48,2015_BH,2015,BH,Bahrain,49,5.96,1.32376,1.21624,0.74716,0.45492,0.306,0.17362
49,2015_IT,2015,IT,Italy,50,5.9479999999999995,1.25114,1.19777,0.9544600000000001,0.26236,0.02901,0.22823000000000002
50,2015_BO,2015,BO,Bolivia,51,5.89,0.68133,0.97841,0.5392,0.57414,0.08800000000000001,0.20536
51,2015_MD,2015,MD,Moldova,52,5.888999999999999,0.59448,1.01528,0.61826,0.32818,0.01615,0.20951
52,2015_PY,2015,PY,Paraguay,53,5.877999999999999,0.75985,1.30477,0.66098,0.53899,0.08242000000000001,0.3424
53,2015_KZ,2015,KZ,Kazakhstan,54,5.855,1.1225399999999999,1.1224100000000001,0.64368,0.51649,0.08454,0.11827
54,2015_SI,2015,SI,Slovenia,55,5.848,1.18498,1.27385,0.8733700000000001,0.60855,0.03787,0.25328
55,2015_LT,2015,LT,Lithuania,56,5.832999999999999,1.14723,1.25745,0.73128,0.21341999999999997,0.01031,0.026410000000000003
56,2015_NI,2015,NI,Nicaragua,57,5.827999999999999,0.59325,1.14184,0.7431399999999999,0.55475,0.19317,0.27815
57,2015_PE,2015,PE,Peru,58,5.824,0.9001899999999999,0.97459,0.73017,0.41496000000000005,0.05989,0.14982
58,2015_BY,2015,BY,Belarus,59,5.813,1.0319200000000002,1.23289,0.7360800000000001,0.37938,0.1909,0.11045999999999999
59,2015_PL,2015,PL,Poland,60,5.791,1.12555,1.27948,0.77903,0.53122,0.04212,0.16759000000000002
60,2015_MY,2015,MY,Malaysia,61,5.77,1.12486,1.07023,0.7239399999999999,0.5302399999999999,0.10500999999999999,0.33075
61,2015_HR,2015,HR,Croatia,62,5.7589999999999995,1.08254,0.79624,0.78805,0.25883,0.0243,0.054439999999999995
62,2015_LY,2015,LY,Libya,63,5.754,1.13145,1.1186200000000002,0.7038,0.41668,0.11023,0.18295
63,2015_RU,2015,RU,Russia,64,5.716,1.13764,1.23617,0.6692600000000001,0.36679,0.03005,0.00199
64,2015_JM,2015,JM,Jamaica,65,5.709,0.81038,1.1510200000000002,0.6874100000000001,0.50442,0.02299,0.2123
65,2015_NCY,2015,NCY,North Cyprus,66,5.695,1.2080600000000001,1.07008,0.92356,0.49027,0.1428,0.26169000000000003
66,2015_CY,2015,CY,Cyprus,67,5.689,1.20813,0.89318,0.92356,0.40671999999999997,0.06146,0.30638000000000004
67,2015_DZ,2015,DZ,Algeria,68,5.605,0.93929,1.07772,0.61766,0.28579,0.17382999999999998,0.07822
68,2015_XK,2015,XK,Kosovo,69,5.5889999999999995,0.80148,0.81198,0.63132,0.24749000000000002,0.04741,0.2831
69,2015_TM,2015,TM,Turkmenistan,70,5.547999999999999,0.95847,1.22668,0.53886,0.4761,0.30844,0.16979
70,2015_MU,2015,MU,Mauritius,71,5.477,1.0076100000000001,0.98521,0.7095,0.56066,0.07521,0.37744
71,2015_HK,2015,HK,Hong Kong,72,5.474,1.38604,1.05818,1.01328,0.59608,0.37124,0.39478
72,2015_EE,2015,EE,Estonia,73,5.428999999999999,1.15174,1.22791,0.77361,0.44888,0.15184,0.0868
73,2015_ID,2015,ID,Indonesia,74,5.399,0.8282700000000001,1.0870799999999998,0.63793,0.46611,0.0,0.51535
74,2015_VN,2015,VN,Vietnam,75,5.36,0.63216,0.9122600000000001,0.7467600000000001,0.59444,0.10440999999999999,0.1686
75,2015_TR,2015,TR,Turkey,76,5.332000000000001,1.06098,0.94632,0.73172,0.22815,0.15746,0.12253
76,2015_KG,2015,KG,Kyrgyzstan,77,5.2860000000000005,0.47428000000000003,1.15115,0.65088,0.43477,0.042319999999999997,0.3003
77,2015_NG,2015,NG,Nigeria,78,5.268,0.65435,0.9043200000000001,0.16007000000000002,0.34334000000000003,0.0403,0.27233
78,2015_BT,2015,BT,Bhutan,79,5.252999999999999,0.77042,1.10395,0.57407,0.5320600000000001,0.15445,0.47998
79,2015_AZ,2015,AZ,Azerbaijan,80,5.212000000000001,1.02389,0.9379299999999999,0.64045,0.3703,0.16065,0.07799
80,2015_PK,2015,PK,Pakistan,81,5.194,0.59543,0.41411000000000003,0.51466,0.12102,0.10464000000000001,0.33671
81,2015_JO,2015,JO,Jordan,82,5.192,0.9019799999999999,1.05392,0.69639,0.40660999999999997,0.14293,0.11052999999999999
82,2015_ME,2015,ME,Montenegro,82,5.192,0.9743799999999999,0.9055700000000001,0.72521,0.1826,0.14296,0.1614
83,2015_CN,2015,CN,China,84,5.14,0.89012,0.94675,0.81658,0.5169699999999999,0.02781,0.08185
84,2015_ZM,2015,ZM,Zambia,85,5.129,0.47038,0.91612,0.29924,0.48827,0.12468,0.19591
85,2015_RO,2015,RO,Romania,86,5.124,1.04345,0.8858799999999999,0.7689,0.35068,0.006490000000000001,0.13748
86,2015_RS,2015,RS,Serbia,87,5.122999999999999,0.92053,1.0096399999999999,0.74836,0.20107,0.02617,0.19230999999999998
87,2015_PT,2015,PT,Portugal,88,5.102,1.15991,1.13935,0.8751899999999999,0.51469,0.01078,0.13719
88,2015_LV,2015,LV,Latvia,89,5.098,1.11312,1.09562,0.72437,0.29671,0.06332,0.18225999999999998
89,2015_PH,2015,PH,Philippines,90,5.073,0.70532,1.03516,0.58114,0.62545,0.12279000000000001,0.24991
90,2015_XS,2015,XS,Somaliland Region,91,5.0569999999999995,0.18847,0.95152,0.43873,0.46581999999999996,0.39928,0.5031800000000001
91,2015_MA,2015,MA,Morocco,92,5.013,0.7347899999999999,0.64095,0.60954,0.41691000000000006,0.08546000000000001,0.07172
92,2015_MK,2015,MK,Macedonia,93,5.007,0.91851,1.00232,0.73545,0.33457,0.053270000000000005,0.22359
93,2015_MZ,2015,MZ,Mozambique,94,4.971,0.08308,1.02626,0.09131,0.34037,0.15603,0.22269
94,2015_AL,2015,AL,Albania,95,4.959,0.8786700000000001,0.8043399999999999,0.81325,0.35733000000000004,0.06412999999999999,0.14272
95,2015_BA,2015,BA,Bosnia and Herzegovina,96,4.949,0.8322299999999999,0.9191600000000001,0.79081,0.09245,0.00227,0.24808000000000002
96,2015_LS,2015,LS,Lesotho,97,4.898,0.37545,1.04103,0.07612000000000001,0.31767,0.12504,0.16388
97,2015_DO,2015,DO,Dominican Republic,98,4.885,0.8953700000000001,1.17202,0.66825,0.57672,0.14234000000000002,0.21684
98,2015_LA,2015,LA,Laos,99,4.876,0.5906600000000001,0.73803,0.54909,0.59591,0.24249,0.42191999999999996
99,2015_MN,2015,MN,Mongolia,100,4.874,0.82819,1.3006,0.60268,0.43626000000000004,0.026660000000000003,0.3323
100,2015_SZ,2015,SZ,Swaziland,101,4.867,0.71206,1.07284,0.07566,0.30658,0.0306,0.18259
101,2015_GR,2015,GR,Greece,102,4.857,1.15406,0.9293299999999999,0.88213,0.07699,0.013969999999999998,0.0
102,2015_LB,2015,LB,Lebanon,103,4.8389999999999995,1.0256399999999999,0.80001,0.83947,0.33916,0.04582,0.21854
103,2015_HU,2015,HU,Hungary,104,4.8,1.12094,1.20215,0.75905,0.32111999999999996,0.02758,0.128
104,2015_HN,2015,HN,Honduras,105,4.788,0.59532,0.9534799999999999,0.6951,0.40148,0.06825,0.23026999999999997
105,2015_TJ,2015,TJ,Tajikistan,106,4.7860000000000005,0.39047,0.8556299999999999,0.5737899999999999,0.47216,0.15072,0.22974
106,2015_TN,2015,TN,Tunisia,107,4.739,0.88113,0.60429,0.73793,0.26268,0.06358,0.06431
107,2015_PS,2015,PS,Palestinian Territories,108,4.715,0.59867,0.92558,0.66015,0.24499,0.12905,0.11250999999999999
108,2015_BD,2015,BD,Bangladesh,109,4.694,0.39753,0.43106000000000005,0.60164,0.4082,0.12569,0.21222
109,2015_IR,2015,IR,Iran,110,4.686,1.0088,0.54447,0.69805,0.30033000000000004,0.058629999999999995,0.38086
110,2015_UA,2015,UA,Ukraine,111,4.681,0.79907,1.20278,0.6739,0.25123,0.02961,0.15275
111,2015_IQ,2015,IQ,Iraq,112,4.677,0.98549,0.81889,0.60237,0.0,0.13788,0.17922000000000002
112,2015_ZA,2015,ZA,South Africa,113,4.6419999999999995,0.9204899999999999,1.18468,0.27688,0.33207,0.08884,0.11972999999999999
113,2015_GH,2015,GH,Ghana,114,4.633,0.5455800000000001,0.6795399999999999,0.40131999999999995,0.42341999999999996,0.04355,0.23087
114,2015_ZW,2015,ZW,Zimbabwe,115,4.61,0.271,1.0327600000000001,0.33475,0.25861,0.08079,0.18987
115,2015_LR,2015,LR,Liberia,116,4.571000000000001,0.0712,0.78968,0.34201,0.28531,0.06232000000000001,0.24361999999999998
116,2015_IN,2015,IN,India,117,4.565,0.64499,0.38174,0.5152899999999999,0.39786,0.08492000000000001,0.26475
117,2015_SD,2015,SD,Sudan,118,4.55,0.52107,1.01404,0.36878,0.10081,0.1466,0.19062
118,2015_HT,2015,HT,Haiti,119,4.518,0.26673,0.74302,0.38847,0.24425,0.17175,0.46187
119,2015_CD,2015,CD,Congo (Kinshasa),120,4.5169999999999995,0.0,1.0012,0.09806000000000001,0.22605,0.07625,0.24834
120,2015_NP,2015,NP,Nepal,121,4.513999999999999,0.35996999999999996,0.86449,0.5687399999999999,0.38282,0.059070000000000004,0.32295999999999997
121,2015_ET,2015,ET,Ethiopia,122,4.512,0.19072999999999998,0.60406,0.44055,0.4345,0.15048,0.24325
122,2015_SL,2015,SL,Sierra Leone,123,4.507,0.33024000000000003,0.9557100000000001,0.0,0.4084,0.08786000000000001,0.21488000000000002
123,2015_MR,2015,MR,Mauritania,124,4.436,0.45407,0.86908,0.35874,0.24231999999999998,0.17461,0.21899999999999997
124,2015_KE,2015,KE,Kenya,125,4.419,0.36471,0.99876,0.41435,0.42215,0.05839,0.37542
125,2015_DJ,2015,DJ,Djibouti,126,4.369,0.44025,0.59207,0.36291,0.46074,0.28105,0.18093
126,2015_AM,2015,AM,Armenia,127,4.35,0.7682100000000001,0.7771100000000001,0.7299,0.19847,0.039,0.07855
127,2015_BW,2015,BW,Botswana,128,4.332,0.99355,1.10464,0.047760000000000004,0.49495,0.12474,0.10461
128,2015_MM,2015,MM,Myanmar,129,4.3069999999999995,0.27108000000000004,0.70905,0.48246000000000006,0.44017,0.19034,0.79588
129,2015_GE,2015,GE,Georgia,130,4.297,0.7419,0.38561999999999996,0.72926,0.40576999999999996,0.38331,0.055470000000000005
130,2015_MW,2015,MW,Malawi,131,4.292,0.016040000000000002,0.41134,0.22562,0.43054,0.06977,0.33128
131,2015_LK,2015,LK,Sri Lanka,132,4.271,0.83524,1.01905,0.70806,0.5372600000000001,0.09179,0.40828000000000003
132,2015_CM,2015,CM,Cameroon,133,4.252,0.4225,0.8876700000000001,0.23401999999999998,0.49309,0.05786,0.20618000000000003
133,2015_BG,2015,BG,Bulgaria,134,4.218,1.01216,1.10614,0.76649,0.30587,0.00872,0.11921
134,2015_EG,2015,EG,Egypt,135,4.194,0.8818,0.747,0.61712,0.17288,0.06324,0.11291
135,2015_YE,2015,YE,Yemen,136,4.077,0.5464899999999999,0.68093,0.40064,0.35570999999999997,0.07854,0.09131
136,2015_AO,2015,AO,Angola,137,4.033,0.75778,0.8604,0.16683,0.10384000000000002,0.07122,0.12344000000000001
137,2015_ML,2015,ML,Mali,138,3.995,0.26074,1.03526,0.20583,0.38856999999999997,0.12352,0.18798
138,2015_CG,2015,CG,Congo (Brazzaville),139,3.989,0.67866,0.6629,0.31051,0.41466000000000003,0.11685999999999999,0.12387999999999999
139,2015_KM,2015,KM,Comoros,140,3.9560000000000004,0.23906,0.79273,0.36315,0.22916999999999998,0.19899999999999998,0.17440999999999998
140,2015_UG,2015,UG,Uganda,141,3.931,0.21101999999999999,1.13299,0.33860999999999997,0.45726999999999995,0.07267,0.29066
141,2015_SN,2015,SN,Senegal,142,3.904,0.36498,0.97619,0.4354,0.36772,0.10712999999999999,0.20843000000000003
142,2015_GA,2015,GA,Gabon,143,3.8960000000000004,1.06024,0.90528,0.43372,0.31914000000000003,0.11091,0.06822
143,2015_NE,2015,NE,Niger,144,3.845,0.0694,0.77265,0.29707,0.47691999999999996,0.15639,0.19387000000000001
144,2015_KH,2015,KH,Cambodia,145,3.819,0.46038,0.62736,0.61114,0.66246,0.07247,0.40359
145,2015_TZ,2015,TZ,Tanzania,146,3.781,0.2852,1.00268,0.38215,0.32878,0.05747000000000001,0.34376999999999996
146,2015_MG,2015,MG,Madagascar,147,3.681,0.20824,0.66801,0.46721,0.19184,0.08123999999999999,0.21333000000000002
147,2015_CF,2015,CF,Central African Republic,148,3.678,0.0785,0.0,0.06699,0.48878999999999995,0.08288999999999999,0.23835
148,2015_TD,2015,TD,Chad,149,3.667,0.34193,0.76062,0.1501,0.23501,0.05269,0.18386
149,2015_GN,2015,GN,Guinea,150,3.656,0.17417,0.46475,0.24009,0.37725,0.12139000000000001,0.28657
150,2015_CI,2015,CI,Ivory Coast,151,3.655,0.46534,0.77115,0.15185,0.46866,0.17922000000000002,0.20165
151,2015_BF,2015,BF,Burkina Faso,152,3.5869999999999997,0.25811999999999996,0.85188,0.27125,0.39493,0.12832000000000002,0.21746999999999997
152,2015_AF,2015,AF,Afghanistan,153,3.575,0.31982,0.30285,0.30335,0.23414000000000001,0.09719,0.3651
153,2015_RW,2015,RW,Rwanda,154,3.465,0.22208000000000003,0.7737,0.42863999999999997,0.59201,0.55191,0.22628
154,2015_BJ,2015,BJ,Benin,155,3.34,0.28665,0.35386,0.3191,0.4845,0.0801,0.1826
155,2015_SY,2015,SY,Syria,156,3.0060000000000002,0.6632,0.47489,0.7219300000000001,0.15684,0.18905999999999998,0.47179
156,2015_BI,2015,BI,Burundi,157,2.905,0.0153,0.41586999999999996,0.22396,0.1185,0.10062,0.19727
157,2015_TG,2015,TG,Togo,158,2.839,0.20868,0.13995,0.28443,0.36453,0.10730999999999999,0.16680999999999999
158,2016_DK,2016,DK,Denmark,1,7.526,1.4417799999999998,1.16374,0.79504,0.5794100000000001,0.44453000000000004,0.36171
159,2016_CH,2016,CH,Switzerland,2,7.5089999999999995,1.5273299999999999,1.14524,0.86303,0.58557,0.41203,0.28083
160,2016_IS,2016,IS,Iceland,3,7.501,1.42666,1.18326,0.8673299999999999,0.56624,0.14975,0.47678000000000004
161,2016_NO,2016,NO,Norway,4,7.497999999999999,1.57744,1.1269,0.79579,0.59609,0.35775999999999997,0.37895
162,2016_FI,2016,FI,Finland,5,7.412999999999999,1.40598,1.1346399999999999,0.81091,0.57104,0.41003999999999996,0.25492
163,2016_CA,2016,CA,Canada,6,7.404,1.44015,1.0961,0.8276,0.5737,0.31329,0.44833999999999996
164,2016_NL,2016,NL,Netherlands,7,7.3389999999999995,1.46468,1.02912,0.8123100000000001,0.55211,0.29927,0.47416
165,2016_NZ,2016,NZ,New Zealand,8,7.334,1.36066,1.17278,0.83096,0.5814699999999999,0.41903999999999997,0.49401000000000006
166,2016_AU,2016,AU,Australia,9,7.313,1.4444299999999999,1.10476,0.8512,0.5683699999999999,0.32331,0.47407
167,2016_SE,2016,SE,Sweden,10,7.291,1.45181,1.08764,0.83121,0.58218,0.40867,0.38254
168,2016_IL,2016,IL,Israel,11,7.267,1.33766,0.9953700000000001,0.8491700000000001,0.36432,0.08728,0.32288
169,2016_AT,2016,AT,Austria,12,7.119,1.45038,1.0838299999999998,0.80565,0.54355,0.21348000000000003,0.32865
170,2016_US,2016,US,United States,13,7.104,1.50796,1.04782,0.779,0.48163,0.14868,0.41076999999999997
171,2016_CR,2016,CR,Costa Rica,14,7.087000000000001,1.06879,1.02152,0.76146,0.55225,0.10547000000000001,0.22553
172,2016_PR,2016,PR,Puerto Rico,15,7.039,1.35943,1.08113,0.77758,0.46823000000000004,0.12275,0.22202
173,2016_DE,2016,DE,Germany,16,6.994,1.44787,1.09774,0.81487,0.53466,0.28551,0.30451999999999996
174,2016_BR,2016,BR,Brazil,17,6.952000000000001,1.08754,1.03938,0.61415,0.40425,0.14165999999999998,0.15775999999999998
175,2016_BE,2016,BE,Belgium,18,6.928999999999999,1.42539,1.05249,0.8195899999999999,0.51354,0.26248,0.2424
176,2016_IE,2016,IE,Ireland,19,6.907,1.4834100000000001,1.16157,0.81455,0.54008,0.29754,0.44963000000000003
177,2016_LU,2016,LU,Luxembourg,20,6.871,1.6975200000000001,1.03999,0.8454200000000001,0.5487,0.35329,0.27571
178,2016_MX,2016,MX,Mexico,21,6.778,1.1150799999999998,0.7146,0.71143,0.37709000000000004,0.18355,0.11735
179,2016_SG,2016,SG,Singapore,22,6.739,1.64555,0.8675799999999999,0.94719,0.4877,0.46986999999999995,0.32706
180,2016_GB,2016,GB,United Kingdom,23,6.725,1.40283,1.0867200000000001,0.80991,0.50036,0.27399,0.50156
181,2016_CL,2016,CL,Chile,24,6.705,1.2167,0.9058700000000001,0.8188300000000001,0.37789,0.11450999999999999,0.31595
182,2016_PA,2016,PA,Panama,25,6.7010000000000005,1.18306,0.9891200000000001,0.70835,0.48927,0.08423,0.2418
183,2016_AR,2016,AR,Argentina,26,6.65,1.15137,1.0661200000000002,0.69711,0.42283999999999994,0.07296,0.10989000000000002
184,2016_CZ,2016,CZ,Czech Republic,27,6.596,1.30915,1.00793,0.76376,0.41418,0.03986,0.09929
185,2016_AE,2016,AE,United Arab Emirates,28,6.5729999999999995,1.57352,0.8711399999999999,0.72993,0.56215,0.35561,0.26591
186,2016_UY,2016,UY,Uruguay,29,6.545,1.18157,1.0314299999999998,0.72183,0.54388,0.21394000000000002,0.18056
187,2016_MT,2016,MT,Malta,30,6.4879999999999995,1.30782,1.09879,0.80315,0.54994,0.17554,0.56237
188,2016_CO,2016,CO,Colombia,31,6.481,1.0303200000000001,1.02169,0.59659,0.44735,0.053989999999999996,0.15625999999999998
189,2016_FR,2016,FR,France,32,6.478,1.39488,1.00508,0.83795,0.46562,0.17808,0.1216
190,2016_TH,2016,TH,Thailand,33,6.474,1.0893,1.04477,0.64915,0.49553,0.02833,0.58696
191,2016_SA,2016,SA,Saudi Arabia,34,6.379,1.48953,0.84829,0.59267,0.37904,0.30008,0.15457
192,2016_TW,2016,TW,Taiwan,34,6.379,1.39729,0.92624,0.79565,0.32377,0.0663,0.25495
193,2016_QA,2016,QA,Qatar,36,6.375,1.82427,0.87964,0.71723,0.56679,0.48049,0.32388
194,2016_ES,2016,ES,Spain,37,6.361000000000001,1.34253,1.12945,0.8789600000000001,0.37545,0.06137000000000001,0.17665
195,2016_DZ,2016,DZ,Algeria,38,6.355,1.05266,0.83309,0.6180399999999999,0.21006,0.16157,0.07044
196,2016_GT,2016,GT,Guatemala,39,6.324,0.83454,0.8711899999999999,0.5403899999999999,0.50379,0.08701,0.28808
197,2016_SR,2016,SR,Suriname,40,6.269,1.09686,0.77866,0.5093300000000001,0.5223399999999999,0.12692,0.16665
198,2016_KW,2016,KW,Kuwait,41,6.239,1.61714,0.8775799999999999,0.63569,0.43166000000000004,0.23669,0.15965
199,2016_BH,2016,BH,Bahrain,42,6.218,1.44024,0.9439700000000001,0.65696,0.47375,0.25772,0.17147
200,2016_TT,2016,TT,Trinidad and Tobago,43,6.167999999999999,1.32572,0.98569,0.52608,0.48453,0.01241,0.31935
201,2016_VE,2016,VE,Venezuela,44,6.084,1.1336700000000002,1.03302,0.6190399999999999,0.19847,0.08304,0.0425
202,2016_SK,2016,SK,Slovakia,45,6.077999999999999,1.27973,1.0826799999999999,0.70367,0.23390999999999998,0.02947,0.13837
203,2016_SV,2016,SV,El Salvador,46,6.068,0.8737,0.80975,0.596,0.37269,0.10613,0.08877
204,2016_MY,2016,MY,Malaysia,47,6.005,1.25142,0.88025,0.62366,0.39031,0.09081,0.41473999999999994
205,2016_NI,2016,NI,Nicaragua,48,5.992000000000001,0.69384,0.8952100000000001,0.65213,0.46581999999999996,0.16292,0.29773
206,2016_UZ,2016,UZ,Uzbekistan,49,5.987,0.7359100000000001,1.1681,0.50163,0.60848,0.28333,0.34326
207,2016_IT,2016,IT,Italy,50,5.977,1.35495,1.04167,0.8510200000000001,0.18827,0.02556,0.16684000000000002
208,2016_EC,2016,EC,Ecuador,51,5.976,0.97306,0.85974,0.68613,0.4027,0.18037,0.10074
209,2016_BZ,2016,BZ,Belize,52,5.956,0.87616,0.68655,0.45569,0.51231,0.10770999999999999,0.23684000000000002
210,2016_JP,2016,JP,Japan,53,5.921,1.3800700000000001,1.06054,0.91491,0.46761,0.18985,0.10224
211,2016_KZ,2016,KZ,Kazakhstan,54,5.919,1.22943,0.95544,0.57386,0.4052,0.11132,0.15011
212,2016_MD,2016,MD,Moldova,55,5.897,0.69177,0.8313200000000001,0.5230899999999999,0.25201999999999997,0.019030000000000002,0.19997
213,2016_RU,2016,RU,Russia,56,5.856,1.2322799999999998,1.05261,0.58991,0.32682,0.03586,0.027360000000000002
214,2016_PL,2016,PL,Poland,57,5.835,1.24585,1.04685,0.69058,0.4519,0.055,0.14443
215,2016_KR,2016,KR,South Korea,57,5.835,1.35948,0.7219399999999999,0.88645,0.25168,0.07716,0.18824000000000002
216,2016_BO,2016,BO,Bolivia,59,5.822,0.79422,0.8377899999999999,0.4697,0.50961,0.07746,0.21698
217,2016_LT,2016,LT,Lithuania,60,5.813,1.2692,1.0641100000000001,0.64674,0.18929,0.0182,0.02025
218,2016_BY,2016,BY,Belarus,61,5.8020000000000005,1.1306200000000002,1.04993,0.6310399999999999,0.29091,0.17457,0.13942000000000002
219,2016_NCY,2016,NCY,North Cyprus,62,5.771,1.31141,0.81826,0.8414200000000001,0.43596,0.16577999999999998,0.26322
220,2016_SI,2016,SI,Slovenia,63,5.768,1.2994700000000001,1.05613,0.79151,0.53164,0.03635,0.25738
221,2016_PE,2016,PE,Peru,64,5.742999999999999,0.9960200000000001,0.81255,0.6299399999999999,0.37501999999999996,0.05292,0.14527
222,2016_TM,2016,TM,Turkmenistan,65,5.6579999999999995,1.08017,1.03817,0.44006000000000006,0.37408,0.28467,0.22566999999999998
223,2016_MU,2016,MU,Mauritius,66,5.648,1.14372,0.75695,0.66189,0.46145,0.05202999999999999,0.36951
224,2016_LY,2016,LY,Libya,67,5.615,1.0668799999999998,0.95076,0.52304,0.40671999999999997,0.10339000000000001,0.17087
225,2016_LV,2016,LV,Latvia,68,5.56,1.2178799999999999,0.95025,0.63952,0.27996,0.0889,0.17445
226,2016_CY,2016,CY,Cyprus,69,5.546,1.31857,0.70697,0.8488,0.29507,0.05227999999999999,0.27906
227,2016_PY,2016,PY,Paraguay,70,5.537999999999999,0.8937299999999999,1.11111,0.58295,0.46235,0.07396,0.25296
228,2016_RO,2016,RO,Romania,71,5.528,1.1697,0.7280300000000001,0.67602,0.36712,0.006790000000000001,0.12889
229,2016_EE,2016,EE,Estonia,72,5.517,1.2796399999999999,1.0516299999999998,0.68098,0.41511000000000003,0.18519000000000002,0.08423
230,2016_JM,2016,JM,Jamaica,73,5.51,0.89333,0.96372,0.5946899999999999,0.43596999999999997,0.04294,0.22245
231,2016_HR,2016,HR,Croatia,74,5.4879999999999995,1.18649,0.6080899999999999,0.70524,0.23906999999999998,0.04002,0.18434
232,2016_HK,2016,HK,Hong Kong,75,5.457999999999999,1.5107,0.87021,0.9527700000000001,0.48078999999999994,0.31647,0.40097
233,2016_SO,2016,SO,Somalia,76,5.44,0.0,0.33613000000000004,0.11465999999999998,0.5677800000000001,0.3118,0.27225
234,2016_XK,2016,XK,Kosovo,77,5.401,0.90145,0.66062,0.54,0.14396,0.06547,0.27992
235,2016_TR,2016,TR,Turkey,78,5.388999999999999,1.1649200000000002,0.8771700000000001,0.64718,0.23889000000000002,0.12347999999999999,0.04707
236,2016_ID,2016,ID,Indonesia,79,5.314,0.95104,0.87625,0.49373999999999996,0.39237,0.00322,0.56521
237,2016_JO,2016,JO,Jordan,80,5.303,0.9967299999999999,0.86216,0.60712,0.36023,0.13297,0.14262
238,2016_AZ,2016,AZ,Azerbaijan,81,5.291,1.12373,0.76042,0.54504,0.35327,0.17914000000000002,0.0564
239,2016_PH,2016,PH,Philippines,82,5.279,0.81217,0.87877,0.47036000000000006,0.5485399999999999,0.11757000000000001,0.21674000000000002
240,2016_CN,2016,CN,China,83,5.245,1.0278,0.79381,0.73561,0.44011999999999996,0.02745,0.049589999999999995
241,2016_BT,2016,BT,Bhutan,84,5.196000000000001,0.8527,0.9083600000000001,0.49759,0.46074,0.1616,0.48546000000000006
242,2016_KG,2016,KG,Kyrgyzstan,85,5.185,0.5604399999999999,0.95434,0.5544899999999999,0.40212,0.047619999999999996,0.38432
243,2016_RS,2016,RS,Serbia,86,5.1770000000000005,1.03437,0.81329,0.6458,0.15718,0.04339,0.20736999999999997
244,2016_BA,2016,BA,Bosnia and Herzegovina,87,5.162999999999999,0.9338299999999999,0.64367,0.7076600000000001,0.09511,0.0,0.29889
245,2016_ME,2016,ME,Montenegro,88,5.1610000000000005,1.07838,0.74173,0.6353300000000001,0.15111,0.12721,0.17190999999999998
246,2016_DO,2016,DO,Dominican Republic,89,5.155,1.02787,0.9949600000000001,0.5766899999999999,0.52259,0.12372000000000001,0.21286
247,2016_MA,2016,MA,Morocco,90,5.151,0.8405799999999999,0.38595,0.5947100000000001,0.25645999999999997,0.08404,0.040530000000000004
248,2016_HU,2016,HU,Hungary,91,5.145,1.24142,0.9316399999999999,0.67608,0.1977,0.044719999999999996,0.099
249,2016_PK,2016,PK,Pakistan,92,5.132000000000001,0.68816,0.26135,0.40306,0.14622000000000002,0.1388,0.31185
250,2016_LB,2016,LB,Lebanon,93,5.129,1.12268,0.64184,0.76171,0.26228,0.030610000000000002,0.23693000000000003
251,2016_PT,2016,PT,Portugal,94,5.122999999999999,1.27607,0.9436700000000001,0.7936300000000001,0.44727,0.01521,0.11690999999999999
252,2016_MK,2016,MK,Macedonia,95,5.121,1.0193,0.78236,0.6473800000000001,0.27668000000000004,0.07047,0.23506999999999997
253,2016_VN,2016,VN,Vietnam,96,5.061,0.74037,0.7911699999999999,0.66157,0.5595399999999999,0.11556,0.25075
254,2016_XS,2016,XS,Somaliland Region,97,5.0569999999999995,0.25558000000000003,0.75862,0.33108000000000004,0.3913,0.36794,0.51479
255,2016_TN,2016,TN,Tunisia,98,5.045,0.97724,0.43165,0.59577,0.23553000000000002,0.0817,0.03936
256,2016_GR,2016,GR,Greece,99,5.033,1.24886,0.75473,0.80029,0.05822000000000001,0.04127,0.0
257,2016_TJ,2016,TJ,Tajikistan,100,4.996,0.48835,0.75602,0.5311899999999999,0.43408,0.13509000000000002,0.25998000000000004
258,2016_MN,2016,MN,Mongolia,101,4.907,0.9885299999999999,1.0898299999999999,0.55469,0.35972,0.03285,0.34539000000000003
259,2016_LA,2016,LA,Laos,102,4.876,0.68042,0.5497,0.38291,0.52168,0.22423,0.43078999999999995
260,2016_NG,2016,NG,Nigeria,103,4.875,0.75216,0.64498,0.05108,0.27854,0.0305,0.23219
261,2016_HN,2016,HN,Honduras,104,4.871,0.69429,0.7559600000000001,0.5838300000000001,0.26755,0.06906,0.2044
262,2016_IR,2016,IR,Iran,105,4.813,1.11758,0.38856999999999997,0.64232,0.22544,0.0557,0.38538
263,2016_ZM,2016,ZM,Zambia,106,4.795,0.61202,0.6376,0.23573000000000002,0.42662,0.11479,0.17865999999999999
264,2016_NP,2016,NP,Nepal,107,4.793,0.44626000000000005,0.69699,0.50073,0.37012,0.07007999999999999,0.3816
265,2016_PS,2016,PS,Palestinian Territories,108,4.754,0.67024,0.71629,0.56844,0.17744000000000001,0.10613,0.11154000000000001
266,2016_AL,2016,AL,Albania,109,4.655,0.9553,0.50163,0.73007,0.31866,0.05301,0.1684
267,2016_BD,2016,BD,Bangladesh,110,4.643,0.54177,0.24749000000000002,0.52989,0.39778,0.12583,0.19132000000000002
268,2016_SL,2016,SL,Sierra Leone,111,4.635,0.36485,0.628,0.0,0.30685,0.08196,0.23897
269,2016_IQ,2016,IQ,Iraq,112,4.575,1.07474,0.59205,0.51076,0.24856,0.13635999999999998,0.19589
270,2016_NAM,2016,NAM,Namibia,113,4.574,0.9328700000000001,0.70362,0.34745,0.48613999999999996,0.10397999999999999,0.07795
271,2016_CM,2016,CM,Cameroon,114,4.513,0.5249699999999999,0.62542,0.12697999999999998,0.42736,0.06126,0.2268
272,2016_ET,2016,ET,Ethiopia,115,4.508,0.29283000000000003,0.37932,0.34578000000000003,0.36703,0.1717,0.29522
273,2016_ZA,2016,ZA,South Africa,116,4.459,1.02416,0.9605299999999999,0.18611,0.42483000000000004,0.08415,0.13656
274,2016_LK,2016,LK,Sri Lanka,117,4.415,0.9731799999999999,0.84783,0.62007,0.50817,0.07964,0.46978000000000003
275,2016_IN,2016,IN,India,118,4.404,0.74036,0.29247,0.45091000000000003,0.40285,0.08722,0.25028
276,2016_MM,2016,MM,Myanmar,119,4.395,0.34112,0.69981,0.3988,0.42691999999999997,0.20243,0.81971
277,2016_EG,2016,EG,Egypt,120,4.362,0.95395,0.49813,0.5211600000000001,0.18847,0.10393,0.12705999999999998
278,2016_AM,2016,AM,Armenia,121,4.36,0.8608600000000001,0.6247699999999999,0.64083,0.14037,0.036160000000000005,0.07793
279,2016_KE,2016,KE,Kenya,122,4.356,0.52267,0.7624,0.30146999999999996,0.40576,0.06686,0.41328000000000004
280,2016_UA,2016,UA,Ukraine,123,4.324,0.87287,1.01413,0.58628,0.12859,0.01829,0.20363
281,2016_GH,2016,GH,Ghana,124,4.276,0.63107,0.49353,0.29681,0.40973000000000004,0.0326,0.21203000000000002
282,2016_CD,2016,CD,Congo (Kinshasa),125,4.272,0.05661,0.80676,0.188,0.15602,0.06075,0.25458000000000003
283,2016_GE,2016,GE,Georgia,126,4.252,0.8379200000000001,0.19249000000000002,0.64035,0.32461,0.3188,0.06786
284,2016_CG,2016,CG,Congo (Brazzaville),127,4.236000000000001,0.7710899999999999,0.47798999999999997,0.28212,0.37938,0.09752999999999999,0.12077
285,2016_SN,2016,SN,Senegal,128,4.218999999999999,0.44314,0.7741600000000001,0.40457,0.31056,0.11681,0.19103
286,2016_BG,2016,BG,Bulgaria,129,4.217,1.11306,0.92542,0.67806,0.21219000000000002,0.00615,0.12793
287,2016_MR,2016,MR,Mauritania,130,4.2010000000000005,0.6139100000000001,0.8414200000000001,0.28639000000000003,0.1268,0.17955,0.22685999999999998
288,2016_ZW,2016,ZW,Zimbabwe,131,4.1930000000000005,0.35041,0.71478,0.1595,0.25429,0.08582000000000001,0.18503
289,2016_MW,2016,MW,Malawi,132,4.156000000000001,0.08709,0.147,0.29364,0.4143,0.07564,0.30968
290,2016_SD,2016,SD,Sudan,133,4.138999999999999,0.63069,0.8192799999999999,0.29759,0.0,0.10039,0.18077000000000001
291,2016_GA,2016,GA,Gabon,134,4.121,1.15851,0.72368,0.3494,0.28098,0.09314,0.062439999999999996
292,2016_ML,2016,ML,Mali,135,4.073,0.31292,0.8633299999999999,0.16347,0.27544,0.13647,0.21064000000000002
293,2016_HT,2016,HT,Haiti,136,4.0280000000000005,0.34097,0.29561,0.27494,0.12072000000000001,0.14476,0.47958
294,2016_BW,2016,BW,Botswana,137,3.9739999999999998,1.09426,0.89186,0.34752,0.44088999999999995,0.10769000000000001,0.12425
295,2016_KM,2016,KM,Comoros,138,3.9560000000000004,0.27509,0.60323,0.29980999999999997,0.15412,0.18437,0.1827
296,2016_CI,2016,CI,Ivory Coast,139,3.9160000000000004,0.55507,0.57576,0.04476,0.40663,0.1553,0.20338
297,2016_KH,2016,KH,Cambodia,140,3.907,0.55604,0.5375,0.42494,0.5885199999999999,0.08092,0.40339
298,2016_AO,2016,AO,Angola,141,3.866,0.84731,0.66366,0.04991,0.00589,0.08434,0.12070999999999998
299,2016_NE,2016,NE,Niger,142,3.8560000000000003,0.1327,0.6053,0.26161999999999996,0.38040999999999997,0.17176,0.2097
300,2016_SS,2016,SS,South Sudan,143,3.832,0.39394,0.18519000000000002,0.15780999999999998,0.19662000000000002,0.13015,0.25899
301,2016_TD,2016,TD,Chad,144,3.763,0.42213999999999996,0.63178,0.038239999999999996,0.12807000000000002,0.04952,0.18667
302,2016_BF,2016,BF,Burkina Faso,145,3.739,0.31995,0.63054,0.21297,0.3337,0.12533,0.24353000000000002
303,2016_UG,2016,UG,Uganda,145,3.739,0.34719,0.90981,0.19625,0.43653000000000003,0.06442,0.27102
304,2016_YE,2016,YE,Yemen,147,3.7239999999999998,0.57939,0.47493,0.31048000000000003,0.2287,0.05892000000000001,0.09821
305,2016_MG,2016,MG,Madagascar,148,3.695,0.27954,0.46115,0.37109000000000003,0.13684000000000002,0.07506,0.2204
306,2016_TZ,2016,TZ,Tanzania,149,3.6660000000000004,0.47155,0.77623,0.35700000000000004,0.3176,0.05099,0.31472
307,2016_LR,2016,LR,Liberia,150,3.622,0.10705999999999999,0.50353,0.23165,0.25748000000000004,0.04852,0.24063
308,2016_GN,2016,GN,Guinea,151,3.6069999999999998,0.22415,0.3109,0.18829,0.30953,0.1192,0.29914
309,2016_RW,2016,RW,Rwanda,152,3.515,0.32846,0.6158600000000001,0.31865,0.5432,0.50521,0.23551999999999998
310,2016_BJ,2016,BJ,Benin,153,3.484,0.39499,0.10419,0.21028000000000002,0.39747,0.06681000000000001,0.2018
311,2016_AF,2016,AF,Afghanistan,154,3.36,0.38227,0.11037000000000001,0.17344,0.1643,0.07112,0.31268
312,2016_TG,2016,TG,Togo,155,3.303,0.28123000000000004,0.0,0.24811,0.34678000000000003,0.11587,0.17517
313,2016_SY,2016,SY,Syria,156,3.069,0.7471899999999999,0.14866,0.6299399999999999,0.06912,0.17232999999999998,0.48396999999999996
314,2016_BI,2016,BI,Burundi,157,2.905,0.06831,0.23442,0.15747,0.0432,0.09419,0.2029
315,2017_NO,2017,NO,Norway,1,7.537000179,1.616463184,1.53352356,0.796666503,0.635422587,0.315963835,0.362012237
316,2017_DK,2017,DK,Denmark,2,7.521999836,1.4823830130000002,1.5511215930000002,0.792565525,0.6260067220000001,0.400770068,0.355280489
317,2017_IS,2017,IS,Iceland,3,7.504000187000001,1.48063302,1.6105740069999999,0.8335521220000001,0.627162635,0.153526559,0.47554022100000004
318,2017_CH,2017,CH,Switzerland,4,7.493999958,1.5649795530000001,1.516911745,0.858131289,0.620070577,0.367007285,0.290549278
319,2017_FI,2017,FI,Finland,5,7.468999863,1.443571925,1.540246725,0.80915767,0.6179508570000001,0.38261154299999994,0.24548277300000002
320,2017_NL,2017,NL,Netherlands,6,7.376999855,1.503944635,1.4289392230000002,0.810696125,0.585384488,0.282661825,0.47048983
321,2017_CA,2017,CA,Canada,7,7.315999985,1.479204416,1.481348991,0.834557652,0.611100912,0.287371516,0.435539722
322,2017_NZ,2017,NZ,New Zealand,8,7.31400013,1.405706048,1.548195124,0.8167597059999999,0.61406213,0.382816702,0.500005126
323,2017_SE,2017,SE,Sweden,9,7.28399992,1.494387269,1.478162169,0.830875158,0.612924099,0.384398729,0.385399252
324,2017_AU,2017,AU,Australia,10,7.28399992,1.484414935,1.510041952,0.843886793,0.6016073820000001,0.30118373,0.47769925
325,2017_IL,2017,IL,Israel,11,7.212999821,1.375382423,1.3762899640000001,0.838404,0.405988604,0.0852421,0.330082655
326,2017_CR,2017,CR,Costa Rica,12,7.078999996,1.109706283,1.416403651,0.759509265,0.58013165,0.10010658900000001,0.214613229
327,2017_AT,2017,AT,Austria,13,7.006000042,1.4870972630000001,1.459944963,0.8153284190000001,0.56776619,0.221060365,0.316472322
328,2017_US,2017,US,United States,14,6.993000031,1.546259284,1.419920564,0.7742866279999999,0.5057405229999999,0.135638788,0.392578781
329,2017_IE,2017,IE,Ireland,15,6.977000237,1.535706639,1.558231115,0.809782624,0.573110342,0.298388153,0.427858323
330,2017_DE,2017,DE,Germany,16,6.951000214,1.4879233840000001,1.472520351,0.798950732,0.562511384,0.276731938,0.33626917
331,2017_BE,2017,BE,Belgium,17,6.890999794,1.463780761,1.462312698,0.8180918690000001,0.539770722,0.251343131,0.231503338
332,2017_LU,2017,LU,Luxembourg,18,6.862999916000001,1.7419435980000002,1.457583666,0.845089495,0.596627891,0.318834424,0.28318098199999997
333,2017_GB,2017,GB,United Kingdom,19,6.714000225,1.44163394,1.49646008,0.8053359390000001,0.508190036,0.265428066,0.492774159
334,2017_CL,2017,CL,Chile,20,6.65199995,1.25278461,1.2840249540000002,0.819479704,0.37689527899999997,0.082287982,0.32666242100000004
335,2017_AE,2017,AE,United Arab Emirates,21,6.647999763,1.626343369,1.2664102320000001,0.7267982359999999,0.60834527,0.324489564,0.36094194700000004
336,2017_BR,2017,BR,Brazil,22,6.635000229,1.10735321,1.431306005,0.616552353,0.437453747,0.111092761,0.162349895
337,2017_CZ,2017,CZ,Czech Republic,23,6.609000206,1.352682352,1.4338852169999998,0.7544440029999999,0.49094617399999996,0.036872927,0.088106759
338,2017_AR,2017,AR,Argentina,24,6.598999977,1.1852954629999999,1.440451145,0.6951370840000001,0.494519204,0.059739888,0.109457061
339,2017_MX,2017,MX,Mexico,25,6.578000069,1.153183818,1.21086216,0.709978998,0.412730008,0.132774115,0.12099043300000001
340,2017_SG,2017,SG,Singapore,26,6.5720000270000005,1.69227767,1.3538143630000001,0.949492395,0.549840569,0.464307785,0.34596598100000003
341,2017_MT,2017,MT,Malta,27,6.52699995,1.343279839,1.488411665,0.8219442370000001,0.588767052,0.153066069,0.574730575
342,2017_UY,2017,UY,Uruguay,28,6.453999996,1.217559695,1.412227869,0.7192168240000001,0.5793922539999999,0.178061873,0.17509692899999998
343,2017_GT,2017,GT,Guatemala,29,6.453999996,0.8720019459999999,1.255585194,0.54023999,0.531310618,0.077223279,0.283488393
344,2017_PA,2017,PA,Panama,30,6.452000141,1.233748436,1.373192549,0.706156135,0.550026834,0.070983924,0.210556939
345,2017_FR,2017,FR,France,31,6.441999912000001,1.430923462,1.3877768519999998,0.844465852,0.470222116,0.172502428,0.129762307
346,2017_TH,2017,TH,Thailand,32,6.423999786,1.127868772,1.425792456,0.647239029,0.580200732,0.031612735,0.57212311
347,2017_TW,2017,TW,Taiwan,33,6.421999931,1.4336265330000002,1.3845653530000002,0.7939842340000001,0.361466587,0.063829236,0.258360475
348,2017_ES,2017,ES,Spain,34,6.402999877999999,1.384397864,1.532090902,0.8889606,0.40878123,0.070914097,0.190133572
349,2017_QA,2017,QA,Qatar,35,6.375,1.870765686,1.27429688,0.710098088,0.604130983,0.439299256,0.33047387
350,2017_CO,2017,CO,Colombia,36,6.3569998739999996,1.070622325,1.4021829369999999,0.5950279239999999,0.477487415,0.046668742,0.149014473
351,2017_SA,2017,SA,Saudi Arabia,37,6.343999863,1.530623555,1.2866775990000001,0.59014833,0.449750572,0.273432255,0.14761601400000002
352,2017_TT,2017,TT,Trinidad and Tobago,38,6.168000221000001,1.361355901,1.380228519,0.519983292,0.518630743,0.008964816,0.325296462
353,2017_KW,2017,KW,Kuwait,39,6.105000018999999,1.6329524519999998,1.259698749,0.632105708,0.49633759299999997,0.21515955,0.22828979800000002
354,2017_SK,2017,SK,Slovakia,40,6.09800005,1.325393558,1.505059242,0.7127329109999999,0.295817465,0.024210852,0.136544481
355,2017_BH,2017,BH,Bahrain,41,6.086999893,1.488412261,1.323110461,0.653133035,0.5367469189999999,0.25704217,0.17266848699999998
356,2017_MY,2017,MY,Malaysia,42,6.084000111,1.29121542,1.284646034,0.618784428,0.40226498200000005,0.065600708,0.41660893
357,2017_NI,2017,NI,Nicaragua,43,6.071000099,0.737299204,1.28721571,0.653095961,0.447551847,0.13068798199999998,0.30167421699999997
358,2017_EC,2017,EC,Ecuador,44,6.007999897,1.0008203979999999,1.286168814,0.6856362220000001,0.45519819899999997,0.140134647,0.150112465
359,2017_SV,2017,SV,El Salvador,45,6.002999783,0.9097844959999999,1.182125092,0.596018553,0.43245253,0.08998096,0.078257985
360,2017_PL,2017,PL,Poland,46,5.97300005,1.291787863,1.44571197,0.699475348,0.520342112,0.059307806,0.15846596699999999
361,2017_UZ,2017,UZ,Uzbekistan,47,5.971000195,0.786441088,1.54896915,0.498272628,0.658248663,0.24652822300000002,0.415983647
362,2017_IT,2017,IT,Italy,48,5.964000225,1.395066619,1.444923282,0.8531443479999999,0.256450713,0.028028091,0.17278964800000002
363,2017_RU,2017,RU,Russia,49,5.962999821,1.2817780970000001,1.469282389,0.547349334,0.37378311200000003,0.032962881,0.052263822
364,2017_BZ,2017,BZ,Belize,50,5.9559998510000005,0.9079753159999999,1.081417799,0.450191766,0.547509372,0.09658107199999999,0.240015641
365,2017_JP,2017,JP,Japan,51,5.920000076,1.4169151780000002,1.436337829,0.9134758709999999,0.505625546,0.163760737,0.12057276800000001
366,2017_LT,2017,LT,Lithuania,52,5.90199995,1.314582348,1.4735161069999998,0.62894994,0.234231785,0.011865643,0.010164656999999999
367,2017_DZ,2017,DZ,Algeria,53,5.872000217,1.091864467,1.146217465,0.6175846460000001,0.233335808,0.14609611,0.069436647
368,2017_LV,2017,LV,Latvia,54,5.849999905,1.260748625,1.4047149419999998,0.638566971,0.325707912,0.073842727,0.153074786
369,2017_KR,2017,KR,South Korea,55,5.837999821,1.4016784430000002,1.1282744409999999,0.9002140759999999,0.257921666,0.063282669,0.206674367
370,2017_MD,2017,MD,Moldova,56,5.837999821,0.72887063,1.251825571,0.589465201,0.24072904899999997,0.010091286,0.208779126
371,2017_RO,2017,RO,Romania,57,5.8249998089999995,1.217683911,1.15009129,0.685158312,0.45700374200000005,0.004387901,0.13351991800000002
372,2017_BO,2017,BO,Bolivia,58,5.822999954,0.8337565659999999,1.227619052,0.47363025,0.558732927,0.060477725999999996,0.225560725
373,2017_TM,2017,TM,Turkmenistan,59,5.8220000270000005,1.130776763,1.4931491609999998,0.43772608,0.418271929,0.25927034,0.24992498800000001
374,2017_KZ,2017,KZ,Kazakhstan,60,5.818999767,1.28455627,1.384369016,0.606041551,0.43745428299999994,0.11928288599999999,0.201964423
375,2017_NCY,2017,NCY,North Cyprus,61,5.809999942999999,1.346911311,1.186303377,0.834647238,0.471203625,0.155353352,0.266845703
376,2017_SI,2017,SI,Slovenia,62,5.757999897,1.341205955,1.452518821,0.790828228,0.572575808,0.04512897900000001,0.242649093
377,2017_PE,2017,PE,Peru,63,5.715000152999999,1.0352252720000001,1.218770385,0.6301661129999999,0.45000287899999997,0.047049087,0.126819715
378,2017_MU,2017,MU,Mauritius,64,5.629000187000001,1.189395547,1.20956099,0.638007462,0.49124732600000004,0.042181555,0.360933751
379,2017_CY,2017,CY,Cyprus,65,5.620999812999999,1.3559380769999998,1.131363273,0.8447147009999999,0.355111539,0.041237976,0.27125430100000003
380,2017_EE,2017,EE,Estonia,66,5.611000061,1.32087934,1.4766711000000001,0.695168316,0.47913143,0.18324892199999998,0.098890811
381,2017_BY,2017,BY,Belarus,67,5.568999767,1.15655756,1.444945216,0.637714267,0.29540026199999997,0.156313822,0.155137509
382,2017_LY,2017,LY,Libya,68,5.525000095,1.101803064,1.35756433,0.52016902,0.46573323,0.09261021,0.152073666
383,2017_TR,2017,TR,Turkey,69,5.5,1.1982743740000001,1.337753177,0.637605608,0.30074059999999997,0.09967158,0.046693042000000004
384,2017_PY,2017,PY,Paraguay,70,5.493000031,0.932537317,1.50728488,0.579250693,0.47350779200000004,0.09106591300000001,0.224150658
385,2017_HK,2017,HK,Hong Kong,71,5.472000122000001,1.551674843,1.2627909179999999,0.943062425,0.490968645,0.29393374899999997,0.374465793
386,2017_PH,2017,PH,Philippines,72,5.429999828,0.857699215,1.253917575,0.468009055,0.5852146739999999,0.099331893,0.19351342300000002
387,2017_RS,2017,RS,Serbia,73,5.394999981000001,1.069317579,1.258189797,0.650784671,0.208715528,0.040903781,0.220125884
388,2017_JO,2017,JO,Jordan,74,5.335999966,0.9910123940000001,1.239088893,0.604590058,0.418421149,0.11980327199999999,0.17217046
389,2017_HU,2017,HU,Hungary,75,5.323999882,1.286011934,1.343133092,0.687763453,0.175863519,0.036636937,0.078401662
390,2017_JM,2017,JM,Jamaica,76,5.31099987,0.9255793090000001,1.3682180640000001,0.641022384,0.474307239,0.055267780999999995,0.233818337
391,2017_HR,2017,HR,Croatia,77,5.293000221000001,1.222556233,0.9679830070000001,0.7012885209999999,0.255772293,0.04310311,0.248002976
392,2017_XK,2017,XK,Kosovo,78,5.278999805,0.9514843820000001,1.1378535029999999,0.54145205,0.260287941,0.057471617999999995,0.319931448
393,2017_CN,2017,CN,China,79,5.2729997630000005,1.0811657909999999,1.160837412,0.741415501,0.472787708,0.022794275,0.028806841
394,2017_PK,2017,PK,Pakistan,80,5.269000053,0.7268835309999999,0.67269069,0.402047783,0.23521526199999998,0.12434806699999999,0.31544601899999997
395,2017_ID,2017,ID,Indonesia,81,5.262000083999999,0.995538592,1.274444699,0.492345721,0.443323463,0.015317135,0.6117045879999999
396,2017_VE,2017,VE,Venezuela,82,5.25,1.128431201,1.431337595,0.617144227,0.153997123,0.064491123,0.06501963
397,2017_ME,2017,ME,Montenegro,83,5.236999989,1.121129036,1.238376498,0.667464674,0.194989055,0.088174194,0.197911024
398,2017_MA,2017,MA,Morocco,84,5.235000134,0.878114581,0.774864435,0.597710669,0.408158332,0.08776318300000001,0.032209955
399,2017_AZ,2017,AZ,Azerbaijan,85,5.234000206,1.153601766,1.152400255,0.540775776,0.398155838,0.180987507,0.04526934
400,2017_DO,2017,DO,Dominican Republic,86,5.230000018999999,1.0793738370000001,1.402416706,0.574873745,0.552589834,0.11394525300000001,0.18696785
401,2017_GR,2017,GR,Greece,87,5.2270002369999995,1.2894874809999999,1.239414573,0.810198903,0.09573125099999999,0.043289777,0.0
402,2017_LB,2017,LB,Lebanon,88,5.224999905,1.0749875309999999,1.129624248,0.735081077,0.288515985,0.03751383,0.264450759
403,2017_PT,2017,PT,Portugal,89,5.195000172,1.315175295,1.3670430180000002,0.7958435420000001,0.4984653,0.015869452,0.095102713
404,2017_BA,2017,BA,Bosnia and Herzegovina,90,5.18200016,0.9824094179999999,1.069335938,0.7051863070000001,0.204403177,0.0,0.328867495
405,2017_HN,2017,HN,Honduras,91,5.181000233,0.730573118,1.143944979,0.58256948,0.34807986,0.073345453,0.236188874
406,2017_MK,2017,MK,Macedonia,92,5.1750001910000005,1.0645779370000001,1.2078930140000002,0.644948184,0.325905979,0.060277794,0.253760964
407,2017_SO,2017,SO,Somalia,93,5.151000023,0.022643184,0.721151352,0.11398913699999999,0.602126956,0.282410324,0.291631311
408,2017_VN,2017,VN,Vietnam,94,5.073999882,0.788547575,1.277491331,0.652168989,0.571055591,0.08763323699999999,0.234968051
409,2017_NG,2017,NG,Nigeria,95,5.073999882,0.783756256,1.215770483,0.05691573,0.394952565,0.026121566000000002,0.23094719600000002
410,2017_TJ,2017,TJ,Tajikistan,96,5.040999889,0.524713635,1.271463275,0.529235125,0.47156670700000003,0.14637714599999999,0.248997644
411,2017_BT,2017,BT,Bhutan,97,5.011000156000001,0.8854163890000001,1.340126514,0.495879292,0.5015376810000001,0.17338039,0.474054545
412,2017_KG,2017,KG,Kyrgyzstan,98,5.004000187,0.596220076,1.394238591,0.5534577970000001,0.454943389,0.039439179,0.428580374
413,2017_NP,2017,NP,Nepal,99,4.961999893,0.47982019200000003,1.179283261,0.504130781,0.44030594799999995,0.072975546,0.394096166
414,2017_MN,2017,MN,Mongolia,100,4.954999924,1.0272358659999998,1.4930112359999999,0.557783484,0.394143969,0.032902289,0.33846423
415,2017_ZA,2017,ZA,South Africa,101,4.828999996,1.054698706,1.3847886319999998,0.18708007,0.479246736,0.072509497,0.13936238
416,2017_TN,2017,TN,Tunisia,102,4.804999828,1.007265806,0.86835146,0.613212049,0.28968069,0.086723149,0.049693357
417,2017_PS,2017,PS,Palestinian Territories,103,4.775000095,0.716249228,1.1556471590000001,0.565666974,0.254711062,0.08928260199999999,0.114173174
418,2017_EG,2017,EG,Egypt,104,4.735000134,0.989701807,0.997471392,0.520187259,0.282110155,0.114381365,0.128631443
419,2017_BG,2017,BG,Bulgaria,105,4.714000225,1.161459088,1.4343794580000002,0.70821768,0.289231718,0.011051531000000002,0.11317769400000001
420,2017_SL,2017,SL,Sierra Leone,106,4.709000111,0.368420929,0.984136045,0.005564754,0.318697691,0.071095176,0.293040901
421,2017_CM,2017,CM,Cameroon,107,4.695000172,0.564305365,0.946018219,0.132892117,0.43038874899999996,0.051306631,0.236298457
422,2017_IR,2017,IR,Iran,108,4.691999912,1.156873107,0.7115512490000001,0.639333189,0.249322608,0.048761072999999995,0.38724291299999997
423,2017_AL,2017,AL,Albania,109,4.644000053,0.996192753,0.803685248,0.7311597470000001,0.381498635,0.039864216,0.201312944
424,2017_BD,2017,BD,Bangladesh,110,4.607999802,0.586682975,0.7351317409999999,0.533241034,0.47835665899999996,0.123717859,0.172255352
425,2017_NAM,2017,NAM,Namibia,111,4.573999882,0.9644343259999999,1.098470807,0.33861181100000004,0.520303547,0.093146972,0.077133745
426,2017_KE,2017,KE,Kenya,112,4.552999973,0.560479462,1.0679507259999999,0.30998835,0.452763766,0.064641319,0.444860309
427,2017_MZ,2017,MZ,Mozambique,113,4.5500001910000005,0.23430565,0.870701015,0.106654435,0.48079109200000003,0.179436386,0.32222810399999996
428,2017_MM,2017,MM,Myanmar,114,4.545000076,0.36711055,1.123235941,0.397522569,0.514492035,0.188816205,0.8380751609999999
429,2017_SN,2017,SN,Senegal,115,4.534999847,0.47930902200000003,1.179691911,0.40936285299999997,0.37792226700000003,0.11546044800000001,0.183468893
430,2017_ZM,2017,ZM,Zambia,116,4.513999939,0.636406779,1.0031872990000001,0.257835895,0.461603492,0.07821355,0.249580145
431,2017_IQ,2017,IQ,Iraq,117,4.497000217,1.102710485,0.978613198,0.50118047,0.28855553300000003,0.107215755,0.19963726399999998
432,2017_GA,2017,GA,Gabon,118,4.465000153,1.198210239,1.155620217,0.356578588,0.312328577,0.076046787,0.043785378
433,2017_ET,2017,ET,Ethiopia,119,4.460000038,0.339233845,0.864669204,0.353409708,0.40884274200000004,0.165455714,0.31265074
434,2017_LK,2017,LK,Sri Lanka,120,4.440000057,1.009850144,1.259976387,0.6251308320000001,0.561213255,0.073653966,0.49086356200000003
435,2017_AM,2017,AM,Armenia,121,4.375999928,0.900596738,1.0074837209999998,0.637524426,0.198303267,0.026674422000000003,0.083488092
436,2017_IN,2017,IN,India,122,4.315000057,0.7922212479999999,0.754372597,0.455427617,0.469987005,0.092226885,0.231538489
437,2017_MR,2017,MR,Mauritania,123,4.291999817,0.648457289,1.27203083,0.28534928,0.09609804300000001,0.136957005,0.20187002399999998
438,2017_CG,2017,CG,Congo (Brazzaville),124,4.290999889,0.808964252,0.832044363,0.28995743399999996,0.435025871,0.07961813400000001,0.120852128
439,2017_GE,2017,GE,Georgia,125,4.285999775,0.9506126640000001,0.570614934,0.649546981,0.309410036,0.251666635,0.054008815
440,2017_CD,2017,CD,Congo (Kinshasa),126,4.28000021,0.092102349,1.229023457,0.191407025,0.23596134800000002,0.060241355999999996,0.246455833
441,2017_ML,2017,ML,Mali,127,4.190000057,0.476180494,1.281473398,0.169365674,0.306613743,0.10497024699999999,0.183354199
442,2017_CI,2017,CI,Ivory Coast,128,4.179999828,0.603048921,0.90478003,0.04864217,0.447706193,0.130061775,0.20123747
443,2017_KH,2017,KH,Cambodia,129,4.168000221000001,0.601765096,1.006238341,0.429783404,0.633375823,0.068105951,0.385922968
444,2017_SD,2017,SD,Sudan,130,4.138999939,0.6595166920000001,1.21400857,0.29092082399999997,0.014995855,0.08984752,0.18231745100000002
445,2017_GH,2017,GH,Ghana,131,4.1199998860000004,0.6672248239999999,0.873664737,0.295637727,0.42302629399999997,0.02533637,0.25692394399999996
446,2017_UA,2017,UA,Ukraine,132,4.096000195,0.8946519490000001,1.394537568,0.575903952,0.122974776,0.023029471,0.270061463
447,2017_UG,2017,UG,Uganda,133,4.0809998510000005,0.381430715,1.129827738,0.217632607,0.443185955,0.057069719000000005,0.325766057
448,2017_BF,2017,BF,Burkina Faso,134,4.032000065,0.35022771399999997,1.043280005,0.21584425899999998,0.32436785100000004,0.12032810599999999,0.250864685
449,2017_NE,2017,NE,Niger,135,4.027999878,0.161925331,0.993025005,0.268505007,0.363658696,0.138572946,0.22867384600000001
450,2017_MW,2017,MW,Malawi,136,3.970000029,0.23344203800000002,0.5125688310000001,0.315089583,0.466914654,0.072711654,0.28717047
451,2017_TD,2017,TD,Chad,137,3.9360001089999996,0.438012987,0.953855872,0.041134715,0.162342027,0.053581882000000004,0.21611385
452,2017_ZW,2017,ZW,Zimbabwe,138,3.875,0.375846535,1.083095908,0.19676375399999999,0.33638420700000005,0.095375381,0.189143494
453,2017_LS,2017,LS,Lesotho,139,3.808000088,0.5210212470000001,1.190095186,0.0,0.39066129899999996,0.11909464,0.157497272
454,2017_AO,2017,AO,Angola,140,3.7950000760000004,0.85842818,1.10441196,0.049868666,0.0,0.069720335,0.09792649
455,2017_AF,2017,AF,Afghanistan,141,3.79399991,0.40147721799999997,0.581543326,0.180746779,0.10617952,0.06115783,0.311870933
456,2017_BW,2017,BW,Botswana,142,3.766000032,1.122094154,1.221554995,0.34175550899999996,0.505196333,0.09858319900000001,0.099348448
457,2017_BJ,2017,BJ,Benin,143,3.657000065,0.43108540799999995,0.435299844,0.209930211,0.425962776,0.060929015,0.207948461
458,2017_MG,2017,MG,Madagascar,144,3.644000053,0.305808693,0.9130203720000001,0.375223309,0.189196765,0.067231975,0.20873253
459,2017_HT,2017,HT,Haiti,145,3.6029999260000003,0.368610263,0.640449822,0.27732113,0.030369857000000004,0.09987215,0.489203781
460,2017_YE,2017,YE,Yemen,146,3.592999935,0.5916834470000001,0.9353822470000001,0.31008091600000004,0.249463722,0.056767423,0.10412520900000001
461,2017_SS,2017,SS,South Sudan,147,3.59100008,0.397248626,0.601323128,0.163486004,0.147062436,0.116793513,0.28567081699999997
462,2017_LR,2017,LR,Liberia,148,3.5329999919999997,0.119041793,0.8721179370000001,0.229918197,0.332881182,0.038948249,0.266549885
463,2017_GN,2017,GN,Guinea,149,3.5069999689999998,0.24454993,0.791244686,0.19412913899999998,0.34858751299999996,0.110937618,0.264815092
464,2017_TG,2017,TG,Togo,150,3.4949998860000004,0.305444717,0.43188253,0.247105569,0.380426139,0.095665015,0.19689615100000002
465,2017_RW,2017,RW,Rwanda,151,3.4709999560000004,0.368745893,0.945707023,0.326424807,0.581843853,0.455220014,0.252756029
466,2017_SY,2017,SY,Syria,152,3.461999893,0.7771531340000001,0.39610260700000005,0.500533342,0.081539445,0.151347131,0.49366372799999997
467,2017_TZ,2017,TZ,Tanzania,153,3.348999977,0.511135876,1.0419898029999999,0.364509284,0.390017778,0.066035107,0.35425636200000005
468,2017_BI,2017,BI,Burundi,154,2.904999971,0.091622569,0.629793584,0.151610792,0.059900753,0.084147945,0.204435185
469,2017_CF,2017,CF,Central African Republic,155,2.6930000780000003,0.0,0.0,0.018772686,0.270842046,0.056565076,0.280876487
470,2018_FI,2018,FI,Finland,1,7.632000000000001,1.305,1.5919999999999999,0.8740000000000001,0.6809999999999999,0.39299999999999996,0.20199999999999999
471,2018_NO,2018,NO,Norway,2,7.593999999999999,1.456,1.5819999999999999,0.861,0.6859999999999999,0.34,0.28600000000000003
472,2018_DK,2018,DK,Denmark,3,7.555,1.351,1.59,0.868,0.6829999999999999,0.408,0.284
473,2018_IS,2018,IS,Iceland,4,7.495,1.3430000000000002,1.6440000000000001,0.914,0.677,0.138,0.353
474,2018_CH,2018,CH,Switzerland,5,7.487,1.42,1.5490000000000002,0.927,0.66,0.35700000000000004,0.256
475,2018_NL,2018,NL,Netherlands,6,7.441,1.361,1.4880000000000002,0.878,0.638,0.295,0.33299999999999996
476,2018_CA,2018,CA,Canada,7,7.327999999999999,1.33,1.5319999999999998,0.8959999999999999,0.653,0.29100000000000004,0.321
477,2018_NZ,2018,NZ,New Zealand,8,7.324,1.268,1.601,0.8759999999999999,0.669,0.389,0.365
478,2018_SE,2018,SE,Sweden,9,7.314,1.355,1.501,0.9129999999999999,0.659,0.38299999999999995,0.285
479,2018_AU,2018,AU,Australia,10,7.272,1.34,1.5730000000000002,0.91,0.647,0.302,0.361
480,2018_GB,2018,GB,United Kingdom,11,7.19,1.244,1.433,0.888,0.46399999999999997,0.08199999999999999,0.262
481,2018_AT,2018,AT,Austria,12,7.138999999999999,1.341,1.504,0.8909999999999999,0.617,0.22399999999999998,0.242
482,2018_CR,2018,CR,Costa Rica,13,7.072,1.01,1.459,0.8170000000000001,0.632,0.10099999999999999,0.14300000000000002
483,2018_IE,2018,IE,Ireland,14,6.977,1.4480000000000002,1.5830000000000002,0.8759999999999999,0.614,0.306,0.307
484,2018_DE,2018,DE,Germany,15,6.965,1.34,1.474,0.861,0.586,0.28,0.273
485,2018_BE,2018,BE,Belgium,16,6.9270000000000005,1.324,1.483,0.894,0.583,0.24,0.188
486,2018_LU,2018,LU,Luxembourg,17,6.91,1.5759999999999998,1.52,0.8959999999999999,0.632,0.321,0.196
487,2018_US,2018,US,United States,18,6.886,1.3980000000000001,1.4709999999999999,0.8190000000000001,0.547,0.133,0.29100000000000004
488,2018_IL,2018,IL,Israel,19,6.814,1.301,1.5590000000000002,0.883,0.5329999999999999,0.272,0.354
489,2018_AE,2018,AE,United Arab Emirates,20,6.774,2.096,0.7759999999999999,0.67,0.284,0.0,0.18600000000000003
490,2018_CZ,2018,CZ,Czech Republic,21,6.711,1.2329999999999999,1.489,0.8540000000000001,0.5429999999999999,0.034,0.064
491,2018_MT,2018,MT,Malta,22,6.627000000000001,1.27,1.525,0.884,0.645,0.142,0.376
492,2018_FR,2018,FR,France,23,6.489,1.2930000000000001,1.466,0.9079999999999999,0.52,0.17600000000000002,0.098
493,2018_MX,2018,MX,Mexico,24,6.4879999999999995,1.038,1.252,0.7609999999999999,0.479,0.095,0.069
494,2018_CL,2018,CL,Chile,25,6.476,1.131,1.331,0.8079999999999999,0.431,0.061,0.19699999999999998
495,2018_TW,2018,TW,Taiwan,26,6.441,1.365,1.436,0.857,0.418,0.078,0.151
496,2018_PA,2018,PA,Panama,27,6.43,1.112,1.4380000000000002,0.759,0.597,0.063,0.125
497,2018_BR,2018,BR,Brazil,28,6.419,0.986,1.474,0.675,0.493,0.08800000000000001,0.11
498,2018_AR,2018,AR,Argentina,29,6.388,1.073,1.4680000000000002,0.7440000000000001,0.57,0.054000000000000006,0.062
499,2018_GT,2018,GT,Guatemala,30,6.382000000000001,0.7809999999999999,1.268,0.608,0.604,0.071,0.179
500,2018_UY,2018,UY,Uruguay,31,6.379,1.093,1.459,0.7709999999999999,0.625,0.155,0.13
501,2018_QA,2018,QA,Qatar,32,6.374,1.649,1.3030000000000002,0.748,0.654,0.171,0.256
502,2018_SA,2018,SA,Saudi Arabia,33,6.371,1.379,1.331,0.633,0.509,0.127,0.098
503,2018_SG,2018,SG,Singapore,34,6.343,1.5290000000000001,1.4509999999999998,1.008,0.631,0.457,0.261
504,2018_MY,2018,MY,Malaysia,35,6.322,1.161,1.258,0.669,0.35600000000000004,0.059000000000000004,0.311
505,2018_ES,2018,ES,Spain,36,6.31,1.251,1.538,0.965,0.449,0.07400000000000001,0.142
506,2018_CO,2018,CO,Colombia,37,6.26,0.96,1.439,0.635,0.531,0.039,0.099
507,2018_TT,2018,TT,Trinidad and Tobago,38,6.192,1.2229999999999999,1.492,0.564,0.575,0.019,0.171
508,2018_SK,2018,SK,Slovakia,39,6.172999999999999,1.21,1.537,0.7759999999999999,0.354,0.013999999999999999,0.11800000000000001
509,2018_SV,2018,SV,El Salvador,40,6.167000000000001,0.8059999999999999,1.2309999999999999,0.639,0.461,0.08199999999999999,0.065
510,2018_NI,2018,NI,Nicaragua,41,6.141,0.6679999999999999,1.319,0.7,0.527,0.128,0.20800000000000002
511,2018_PL,2018,PL,Poland,42,6.122999999999999,1.176,1.4480000000000002,0.7809999999999999,0.546,0.064,0.10800000000000001
512,2018_BH,2018,BH,Bahrain,43,6.105,1.338,1.3659999999999999,0.698,0.594,0.12300000000000001,0.243
513,2018_UZ,2018,UZ,Uzbekistan,44,6.096,0.7190000000000001,1.584,0.605,0.7240000000000001,0.259,0.32799999999999996
514,2018_KW,2018,KW,Kuwait,45,6.082999999999999,1.474,1.301,0.675,0.5539999999999999,0.106,0.16699999999999998
515,2018_TH,2018,TH,Thailand,46,6.072,1.016,1.4169999999999998,0.7070000000000001,0.637,0.028999999999999998,0.364
516,2018_IT,2018,IT,Italy,47,6.0,1.264,1.501,0.946,0.281,0.027999999999999997,0.13699999999999998
517,2018_EC,2018,EC,Ecuador,48,5.973,0.889,1.33,0.736,0.556,0.12,0.114
518,2018_BZ,2018,BZ,Belize,49,5.956,0.807,1.101,0.474,0.593,0.08900000000000001,0.183
519,2018_LT,2018,LT,Lithuania,50,5.952000000000001,1.197,1.527,0.716,0.35,0.006,0.026000000000000002
520,2018_SI,2018,SI,Slovenia,51,5.9479999999999995,1.219,1.506,0.856,0.633,0.051,0.16
521,2018_RO,2018,RO,Romania,52,5.945,1.1159999999999999,1.219,0.726,0.528,0.001,0.08800000000000001
522,2018_LV,2018,LV,Latvia,53,5.933,1.148,1.454,0.6709999999999999,0.363,0.066,0.092
523,2018_JP,2018,JP,Japan,54,5.915,1.294,1.462,0.988,0.5529999999999999,0.15,0.079
524,2018_MU,2018,MU,Mauritius,55,5.891,1.09,1.3869999999999998,0.684,0.584,0.05,0.245
525,2018_JM,2018,JM,Jamaica,56,5.89,0.8190000000000001,1.493,0.693,0.575,0.031,0.096
526,2018_KR,2018,KR,South Korea,57,5.875,1.266,1.204,0.955,0.244,0.051,0.175
527,2018_NCY,2018,NCY,North Cyprus,58,5.835,1.229,1.2109999999999999,0.909,0.495,0.154,0.179
528,2018_RU,2018,RU,Russia,59,5.81,1.151,1.479,0.599,0.39899999999999997,0.025,0.065
529,2018_KZ,2018,KZ,Kazakhstan,60,5.79,1.143,1.516,0.631,0.45399999999999996,0.121,0.14800000000000002
530,2018_CY,2018,CY,Cyprus,61,5.7620000000000005,1.229,1.1909999999999998,0.909,0.423,0.035,0.20199999999999999
531,2018_BO,2018,BO,Bolivia,62,5.752000000000001,0.7509999999999999,1.2229999999999999,0.508,0.606,0.054000000000000006,0.141
532,2018_EE,2018,EE,Estonia,63,5.739,1.2,1.5319999999999998,0.737,0.5529999999999999,0.174,0.086
533,2018_PY,2018,PY,Paraguay,64,5.681,0.835,1.5219999999999998,0.615,0.541,0.07400000000000001,0.162
534,2018_PE,2018,PE,Peru,65,5.662999999999999,0.934,1.249,0.674,0.53,0.034,0.092
535,2018_XK,2018,XK,Kosovo,66,5.662000000000001,0.855,1.23,0.578,0.44799999999999995,0.023,0.27399999999999997
536,2018_MD,2018,MD,Moldova,67,5.64,0.657,1.301,0.62,0.23199999999999998,0.0,0.171
537,2018_TM,2018,TM,Turkmenistan,68,5.636,1.016,1.5330000000000001,0.517,0.41700000000000004,0.037000000000000005,0.19899999999999998
538,2018_HU,2018,HU,Hungary,69,5.62,1.171,1.401,0.732,0.259,0.022000000000000002,0.061
539,2018_LY,2018,LY,Libya,70,5.566,0.985,1.35,0.5529999999999999,0.496,0.14800000000000002,0.11599999999999999
540,2018_PH,2018,PH,Philippines,71,5.524,0.775,1.3119999999999998,0.513,0.643,0.105,0.12
541,2018_HN,2018,HN,Honduras,72,5.504,0.62,1.205,0.622,0.45899999999999996,0.07400000000000001,0.19699999999999998
542,2018_BY,2018,BY,Belarus,73,5.483,1.0390000000000001,1.4980000000000002,0.7,0.307,0.154,0.10099999999999999
543,2018_TR,2018,TR,Turkey,74,5.483,1.148,1.38,0.6859999999999999,0.324,0.109,0.106
544,2018_PK,2018,PK,Pakistan,75,5.472,0.652,0.81,0.424,0.33399999999999996,0.113,0.21600000000000003
545,2018_HK,2018,HK,Hong Kong,76,5.43,1.405,1.29,1.03,0.524,0.29100000000000004,0.24600000000000002
546,2018_PT,2018,PT,Portugal,77,5.41,1.188,1.429,0.884,0.562,0.017,0.055
547,2018_RS,2018,RS,Serbia,78,5.398,0.975,1.369,0.685,0.28800000000000003,0.043,0.134
548,2018_GR,2018,GR,Greece,79,5.358,1.1540000000000001,1.202,0.879,0.131,0.044000000000000004,0.0
549,2018_LB,2018,LB,Lebanon,80,5.358,0.965,1.179,0.785,0.503,0.136,0.214
550,2018_ME,2018,ME,Montenegro,81,5.347,1.0170000000000001,1.2790000000000001,0.7290000000000001,0.259,0.081,0.111
551,2018_HR,2018,HR,Croatia,82,5.321000000000001,1.115,1.161,0.737,0.38,0.039,0.12
552,2018_DO,2018,DO,Dominican Republic,83,5.3020000000000005,0.982,1.4409999999999998,0.614,0.578,0.106,0.12
553,2018_DZ,2018,DZ,Algeria,84,5.295,0.9790000000000001,1.1540000000000001,0.687,0.077,0.135,0.055
554,2018_MA,2018,MA,Morocco,85,5.254,0.779,0.797,0.669,0.46,0.07400000000000001,0.026000000000000002
555,2018_CN,2018,CN,China,86,5.246,0.9890000000000001,1.1420000000000001,0.799,0.597,0.10300000000000001,0.028999999999999998
556,2018_AZ,2018,AZ,Azerbaijan,87,5.2010000000000005,1.024,1.161,0.603,0.43,0.17600000000000002,0.031
557,2018_TJ,2018,TJ,Tajikistan,88,5.199,0.474,1.166,0.598,0.292,0.034,0.187
558,2018_MK,2018,MK,Macedonia,89,5.185,0.9590000000000001,1.239,0.691,0.39399999999999996,0.052000000000000005,0.17300000000000001
559,2018_JO,2018,JO,Jordan,90,5.1610000000000005,0.8220000000000001,1.265,0.645,0.46799999999999997,0.134,0.13
560,2018_NG,2018,NG,Nigeria,91,5.155,0.6890000000000001,1.172,0.048,0.462,0.032,0.201
561,2018_KG,2018,KG,Kyrgyzstan,92,5.131,0.53,1.416,0.594,0.54,0.035,0.281
562,2018_BA,2018,BA,Bosnia and Herzegovina,93,5.129,0.915,1.078,0.758,0.28,0.0,0.21600000000000003
563,2018_MN,2018,MN,Mongolia,94,5.125,0.914,1.517,0.575,0.395,0.032,0.253
564,2018_VN,2018,VN,Vietnam,95,5.103,0.715,1.365,0.7020000000000001,0.618,0.079,0.177
565,2018_ID,2018,ID,Indonesia,96,5.093,0.899,1.215,0.522,0.5379999999999999,0.018000000000000002,0.484
566,2018_BT,2018,BT,Bhutan,97,5.082,0.7959999999999999,1.335,0.527,0.541,0.171,0.364
567,2018_SO,2018,SO,Somalia,98,4.982,0.0,0.7120000000000001,0.115,0.674,0.282,0.23800000000000002
568,2018_CM,2018,CM,Cameroon,99,4.975,0.535,0.8909999999999999,0.182,0.45399999999999996,0.043,0.183
569,2018_BG,2018,BG,Bulgaria,100,4.933,1.054,1.515,0.7120000000000001,0.359,0.009000000000000001,0.064
570,2018_NP,2018,NP,Nepal,101,4.88,0.425,1.228,0.539,0.526,0.078,0.302
571,2018_VE,2018,VE,Venezuela,102,4.806,0.996,1.469,0.657,0.133,0.052000000000000005,0.055999999999999994
572,2018_GA,2018,GA,Gabon,103,4.758,1.036,1.1640000000000001,0.40399999999999997,0.35600000000000004,0.052000000000000005,0.032
573,2018_PS,2018,PS,Palestinian Territories,104,4.743,0.642,1.217,0.602,0.266,0.076,0.086
574,2018_ZA,2018,ZA,South Africa,105,4.724,0.94,1.41,0.33,0.516,0.055999999999999994,0.10300000000000001
575,2018_IR,2018,IR,Iran,106,4.707,1.0590000000000002,0.7709999999999999,0.691,0.45899999999999996,0.129,0.282
576,2018_CI,2018,CI,Ivory Coast,107,4.671,0.541,0.872,0.08,0.467,0.10300000000000001,0.146
577,2018_GH,2018,GH,Ghana,108,4.657,0.5920000000000001,0.8959999999999999,0.337,0.499,0.028999999999999998,0.212
578,2018_SN,2018,SN,Senegal,109,4.631,0.429,1.117,0.433,0.406,0.08199999999999999,0.138
579,2018_LA,2018,LA,Laos,110,4.623,0.72,1.034,0.441,0.626,0.174,0.23
580,2018_TN,2018,TN,Tunisia,111,4.592,0.9,0.9059999999999999,0.69,0.271,0.063,0.04
581,2018_AL,2018,AL,Albania,112,4.586,0.9159999999999999,0.8170000000000001,0.79,0.419,0.032,0.149
582,2018_SL,2018,SL,Sierra Leone,113,4.571000000000001,0.256,0.813,0.0,0.355,0.053,0.23800000000000002
583,2018_CG,2018,CG,Congo (Brazzaville),114,4.559,0.682,0.8109999999999999,0.34299999999999997,0.514,0.077,0.091
584,2018_BD,2018,BD,Bangladesh,115,4.5,0.532,0.85,0.579,0.58,0.14400000000000002,0.153
585,2018_LK,2018,LK,Sri Lanka,116,4.471,0.9179999999999999,1.314,0.672,0.585,0.05,0.307
586,2018_IQ,2018,IQ,Iraq,117,4.456,1.01,0.971,0.536,0.304,0.095,0.14800000000000002
587,2018_ML,2018,ML,Mali,118,4.447,0.37,1.2329999999999999,0.152,0.36700000000000005,0.055999999999999994,0.139
588,2018_NAM,2018,NAM,Namibia,119,4.441,0.8740000000000001,1.281,0.365,0.519,0.064,0.051
589,2018_KH,2018,KH,Cambodia,120,4.433,0.5489999999999999,1.088,0.457,0.696,0.065,0.256
590,2018_BF,2018,BF,Burkina Faso,121,4.4239999999999995,0.314,1.097,0.254,0.312,0.128,0.175
591,2018_EG,2018,EG,Egypt,122,4.419,0.885,1.025,0.5529999999999999,0.312,0.107,0.092
592,2018_MZ,2018,MZ,Mozambique,123,4.417,0.198,0.902,0.17300000000000001,0.531,0.158,0.20600000000000002
593,2018_KE,2018,KE,Kenya,124,4.41,0.493,1.048,0.45399999999999996,0.504,0.055,0.35200000000000004
594,2018_ZM,2018,ZM,Zambia,125,4.377,0.562,1.047,0.295,0.503,0.08199999999999999,0.221
595,2018_MR,2018,MR,Mauritania,126,4.356,0.557,1.245,0.292,0.129,0.09300000000000001,0.134
596,2018_ET,2018,ET,Ethiopia,127,4.35,0.308,0.95,0.391,0.452,0.146,0.22
597,2018_GE,2018,GE,Georgia,128,4.34,0.853,0.5920000000000001,0.643,0.375,0.215,0.038
598,2018_AM,2018,AM,Armenia,129,4.321000000000001,0.816,0.99,0.6659999999999999,0.26,0.027999999999999997,0.077
599,2018_MM,2018,MM,Myanmar,130,4.308,0.682,1.1740000000000002,0.429,0.58,0.17800000000000002,0.598
600,2018_TD,2018,TD,Chad,131,4.301,0.358,0.907,0.053,0.18899999999999997,0.06,0.18100000000000002
601,2018_CD,2018,CD,Congo (Kinshasa),132,4.245,0.069,1.136,0.204,0.312,0.052000000000000005,0.19699999999999998
602,2018_IN,2018,IN,India,133,4.19,0.721,0.747,0.485,0.539,0.09300000000000001,0.172
603,2018_NE,2018,NE,Niger,134,4.166,0.131,0.867,0.221,0.39,0.099,0.175
604,2018_UG,2018,UG,Uganda,135,4.1610000000000005,0.322,1.09,0.237,0.45,0.061,0.259
605,2018_BJ,2018,BJ,Benin,136,4.141,0.37799999999999995,0.37200000000000005,0.24,0.44,0.067,0.163
606,2018_SD,2018,SD,Sudan,137,4.138999999999999,0.605,1.24,0.312,0.016,0.08199999999999999,0.134
607,2018_UA,2018,UA,Ukraine,138,4.103,0.7929999999999999,1.413,0.609,0.163,0.011000000000000001,0.187
608,2018_TG,2018,TG,Togo,139,3.9989999999999997,0.259,0.474,0.253,0.434,0.10099999999999999,0.158
609,2018_GN,2018,GN,Guinea,140,3.964,0.344,0.792,0.21100000000000002,0.39399999999999996,0.094,0.185
610,2018_LS,2018,LS,Lesotho,141,3.8080000000000003,0.47200000000000003,1.215,0.079,0.423,0.11199999999999999,0.11599999999999999
611,2018_AO,2018,AO,Angola,142,3.795,0.73,1.125,0.26899999999999996,0.0,0.061,0.079
612,2018_MG,2018,MG,Madagascar,143,3.7739999999999996,0.262,0.9079999999999999,0.402,0.221,0.049,0.155
613,2018_ZW,2018,ZW,Zimbabwe,144,3.6919999999999997,0.35700000000000004,1.094,0.248,0.406,0.099,0.132
614,2018_AF,2018,AF,Afghanistan,145,3.6319999999999997,0.332,0.537,0.255,0.085,0.036000000000000004,0.191
615,2018_BW,2018,BW,Botswana,146,3.59,1.0170000000000001,1.1740000000000002,0.41700000000000004,0.557,0.092,0.042
616,2018_MW,2018,MW,Malawi,147,3.5869999999999997,0.18600000000000003,0.541,0.306,0.531,0.08,0.21
617,2018_HT,2018,HT,Haiti,148,3.582,0.315,0.7140000000000001,0.289,0.025,0.10400000000000001,0.392
618,2018_LR,2018,LR,Liberia,149,3.495,0.076,0.858,0.267,0.419,0.03,0.20600000000000002
619,2018_SY,2018,SY,Syria,150,3.4619999999999997,0.6890000000000001,0.382,0.539,0.08800000000000001,0.14400000000000002,0.376
620,2018_RW,2018,RW,Rwanda,151,3.408,0.332,0.8959999999999999,0.4,0.636,0.444,0.2
621,2018_YE,2018,YE,Yemen,152,3.355,0.442,1.073,0.34299999999999997,0.244,0.064,0.083
622,2018_TZ,2018,TZ,Tanzania,153,3.303,0.455,0.991,0.381,0.48100000000000004,0.09699999999999999,0.27
623,2018_SS,2018,SS,South Sudan,154,3.2539999999999996,0.337,0.608,0.177,0.11199999999999999,0.106,0.22399999999999998
624,2018_CF,2018,CF,Central African Republic,155,3.083,0.024,0.0,0.01,0.305,0.038,0.218
625,2018_BI,2018,BI,Burundi,156,2.905,0.091,0.627,0.145,0.065,0.076,0.149
626,2019_FI,2019,FI,Finland,1,7.769,1.34,1.587,0.986,0.596,0.39299999999999996,0.153
627,2019_DK,2019,DK,Denmark,2,7.6,1.383,1.5730000000000002,0.996,0.5920000000000001,0.41,0.252
628,2019_NO,2019,NO,Norway,3,7.553999999999999,1.4880000000000002,1.5819999999999999,1.028,0.603,0.341,0.271
629,2019_IS,2019,IS,Iceland,4,7.494,1.38,1.624,1.026,0.591,0.11800000000000001,0.354
630,2019_NL,2019,NL,Netherlands,5,7.4879999999999995,1.396,1.5219999999999998,0.9990000000000001,0.557,0.298,0.322
631,2019_CH,2019,CH,Switzerland,6,7.48,1.452,1.526,1.052,0.5720000000000001,0.34299999999999997,0.263
632,2019_SE,2019,SE,Sweden,7,7.343,1.3869999999999998,1.4869999999999999,1.0090000000000001,0.574,0.373,0.267
633,2019_NZ,2019,NZ,New Zealand,8,7.307,1.3030000000000002,1.557,1.026,0.585,0.38,0.33
634,2019_CA,2019,CA,Canada,9,7.278,1.365,1.505,1.0390000000000001,0.584,0.308,0.285
635,2019_AT,2019,AT,Austria,10,7.246,1.376,1.475,1.016,0.532,0.226,0.244
636,2019_AU,2019,AU,Australia,11,7.228,1.3719999999999999,1.548,1.036,0.557,0.29,0.332
637,2019_CR,2019,CR,Costa Rica,12,7.167000000000001,1.034,1.4409999999999998,0.963,0.5579999999999999,0.09300000000000001,0.14400000000000002
638,2019_IL,2019,IL,Israel,13,7.138999999999999,1.276,1.455,1.0290000000000001,0.371,0.08199999999999999,0.261
639,2019_LU,2019,LU,Luxembourg,14,7.09,1.609,1.479,1.012,0.526,0.316,0.19399999999999998
640,2019_GB,2019,GB,United Kingdom,15,7.053999999999999,1.3330000000000002,1.538,0.996,0.45,0.278,0.348
641,2019_IE,2019,IE,Ireland,16,7.021,1.499,1.5530000000000002,0.9990000000000001,0.516,0.31,0.298
642,2019_DE,2019,DE,Germany,17,6.985,1.3730000000000002,1.454,0.987,0.495,0.265,0.261
643,2019_BE,2019,BE,Belgium,18,6.922999999999999,1.3559999999999999,1.504,0.986,0.473,0.21,0.16
644,2019_US,2019,US,United States,19,6.892,1.433,1.4569999999999999,0.8740000000000001,0.45399999999999996,0.128,0.28
645,2019_CZ,2019,CZ,Czech Republic,20,6.852,1.2690000000000001,1.4869999999999999,0.92,0.457,0.036000000000000004,0.046
646,2019_AE,2019,AE,United Arab Emirates,21,6.825,1.5030000000000001,1.31,0.825,0.598,0.182,0.262
647,2019_MT,2019,MT,Malta,22,6.726,1.3,1.52,0.9990000000000001,0.564,0.151,0.375
648,2019_MX,2019,MX,Mexico,23,6.595,1.07,1.3230000000000002,0.861,0.433,0.073,0.07400000000000001
649,2019_FR,2019,FR,France,24,6.5920000000000005,1.324,1.472,1.045,0.436,0.183,0.111
650,2019_TW,2019,TW,Taiwan,25,6.446000000000001,1.368,1.43,0.914,0.35100000000000003,0.09699999999999999,0.242
651,2019_CL,2019,CL,Chile,26,6.444,1.159,1.369,0.92,0.35700000000000004,0.055999999999999994,0.187
652,2019_GT,2019,GT,Guatemala,27,6.436,0.8,1.2690000000000001,0.746,0.535,0.078,0.175
653,2019_SA,2019,SA,Saudi Arabia,28,6.375,1.403,1.357,0.795,0.439,0.132,0.08
654,2019_QA,2019,QA,Qatar,29,6.374,1.6840000000000002,1.3130000000000002,0.871,0.555,0.16699999999999998,0.22
655,2019_ES,2019,ES,Spain,30,6.354,1.286,1.484,1.062,0.36200000000000004,0.079,0.153
656,2019_PA,2019,PA,Panama,31,6.321000000000001,1.149,1.442,0.91,0.516,0.054000000000000006,0.109
657,2019_BR,2019,BR,Brazil,32,6.3,1.004,1.439,0.802,0.39,0.086,0.099
658,2019_UY,2019,UY,Uruguay,33,6.292999999999999,1.124,1.465,0.8909999999999999,0.523,0.15,0.127
659,2019_SG,2019,SG,Singapore,34,6.2620000000000005,1.5719999999999998,1.463,1.141,0.556,0.45299999999999996,0.271
660,2019_SV,2019,SV,El Salvador,35,6.252999999999999,0.794,1.242,0.789,0.43,0.07400000000000001,0.09300000000000001
661,2019_IT,2019,IT,Italy,36,6.223,1.294,1.4880000000000002,1.0390000000000001,0.231,0.03,0.158
662,2019_BH,2019,BH,Bahrain,37,6.199,1.3619999999999999,1.368,0.871,0.536,0.11,0.255
663,2019_SK,2019,SK,Slovakia,38,6.1979999999999995,1.246,1.504,0.8809999999999999,0.33399999999999996,0.013999999999999999,0.121
664,2019_TT,2019,TT,Trinidad and Tobago,39,6.192,1.2309999999999999,1.4769999999999999,0.713,0.489,0.016,0.185
665,2019_PL,2019,PL,Poland,40,6.182,1.206,1.4380000000000002,0.884,0.483,0.05,0.11699999999999999
666,2019_UZ,2019,UZ,Uzbekistan,41,6.1739999999999995,0.745,1.5290000000000001,0.7559999999999999,0.631,0.24,0.322
667,2019_LT,2019,LT,Lithuania,42,6.149,1.238,1.515,0.818,0.29100000000000004,0.042,0.043
668,2019_CO,2019,CO,Colombia,43,6.125,0.985,1.41,0.841,0.47,0.034,0.099
669,2019_SI,2019,SI,Slovenia,44,6.117999999999999,1.258,1.5230000000000001,0.953,0.564,0.057,0.14400000000000002
670,2019_NI,2019,NI,Nicaragua,45,6.105,0.6940000000000001,1.325,0.835,0.435,0.127,0.2
671,2019_XK,2019,XK,Kosovo,46,6.1,0.882,1.232,0.758,0.489,0.006,0.262
672,2019_AR,2019,AR,Argentina,47,6.086,1.092,1.432,0.8809999999999999,0.47100000000000003,0.05,0.066
673,2019_RO,2019,RO,Romania,48,6.07,1.162,1.232,0.825,0.462,0.005,0.083
674,2019_CY,2019,CY,Cyprus,49,6.046,1.263,1.2229999999999999,1.042,0.406,0.040999999999999995,0.19
675,2019_EC,2019,EC,Ecuador,50,6.028,0.912,1.3119999999999998,0.868,0.498,0.087,0.126
676,2019_KW,2019,KW,Kuwait,51,6.021,1.5,1.319,0.8079999999999999,0.493,0.09699999999999999,0.142
677,2019_TH,2019,TH,Thailand,52,6.007999999999999,1.05,1.409,0.828,0.557,0.027999999999999997,0.359
678,2019_LV,2019,LV,Latvia,53,5.94,1.187,1.465,0.812,0.264,0.064,0.075
679,2019_KR,2019,KR,South Korea,54,5.895,1.301,1.219,1.036,0.159,0.055999999999999994,0.175
680,2019_EE,2019,EE,Estonia,55,5.893,1.237,1.528,0.8740000000000001,0.495,0.161,0.10300000000000001
681,2019_JM,2019,JM,Jamaica,56,5.89,0.831,1.4780000000000002,0.831,0.49,0.027999999999999997,0.107
682,2019_MU,2019,MU,Mauritius,57,5.888,1.12,1.402,0.7979999999999999,0.498,0.06,0.215
683,2019_JP,2019,JP,Japan,58,5.886,1.327,1.419,1.088,0.445,0.14,0.069
684,2019_HN,2019,HN,Honduras,59,5.86,0.642,1.236,0.828,0.507,0.078,0.24600000000000002
685,2019_KZ,2019,KZ,Kazakhstan,60,5.809,1.173,1.508,0.7290000000000001,0.41,0.096,0.146
686,2019_BO,2019,BO,Bolivia,61,5.779,0.7759999999999999,1.209,0.706,0.511,0.064,0.13699999999999998
687,2019_HU,2019,HU,Hungary,62,5.757999999999999,1.2009999999999998,1.41,0.828,0.19899999999999998,0.02,0.081
688,2019_PY,2019,PY,Paraguay,63,5.742999999999999,0.855,1.475,0.777,0.514,0.08,0.184
689,2019_NCY,2019,NCY,North Cyprus,64,5.718,1.263,1.252,1.042,0.41700000000000004,0.162,0.191
690,2019_PE,2019,PE,Peru,65,5.697,0.96,1.274,0.8540000000000001,0.455,0.027000000000000003,0.083
691,2019_PT,2019,PT,Portugal,66,5.693,1.2209999999999999,1.431,0.9990000000000001,0.508,0.025,0.047
692,2019_PK,2019,PK,Pakistan,67,5.653,0.677,0.8859999999999999,0.535,0.313,0.098,0.22
693,2019_RU,2019,RU,Russia,68,5.648,1.183,1.452,0.726,0.33399999999999996,0.031,0.08199999999999999
694,2019_PH,2019,PH,Philippines,69,5.631,0.807,1.2930000000000001,0.657,0.5579999999999999,0.107,0.11699999999999999
695,2019_RS,2019,RS,Serbia,70,5.603,1.004,1.383,0.8540000000000001,0.282,0.039,0.13699999999999998
696,2019_MD,2019,MD,Moldova,71,5.529,0.685,1.328,0.7390000000000001,0.245,0.0,0.18100000000000002
697,2019_LY,2019,LY,Libya,72,5.525,1.044,1.3030000000000002,0.6729999999999999,0.41600000000000004,0.152,0.133
698,2019_ME,2019,ME,Montenegro,73,5.523,1.051,1.361,0.871,0.19699999999999998,0.08,0.142
699,2019_TJ,2019,TJ,Tajikistan,74,5.4670000000000005,0.493,1.0979999999999999,0.718,0.389,0.14400000000000002,0.23
700,2019_HR,2019,HR,Croatia,75,5.432,1.155,1.266,0.914,0.29600000000000004,0.022000000000000002,0.11900000000000001
701,2019_HK,2019,HK,Hong Kong,76,5.43,1.4380000000000002,1.2770000000000001,1.122,0.44,0.287,0.258
702,2019_DO,2019,DO,Dominican Republic,77,5.425,1.015,1.401,0.779,0.49700000000000005,0.10099999999999999,0.113
703,2019_BA,2019,BA,Bosnia and Herzegovina,78,5.386,0.945,1.212,0.845,0.212,0.006,0.263
704,2019_TR,2019,TR,Turkey,79,5.372999999999999,1.183,1.36,0.8079999999999999,0.195,0.106,0.083
705,2019_MY,2019,MY,Malaysia,80,5.3389999999999995,1.2209999999999999,1.171,0.828,0.508,0.024,0.26
706,2019_BY,2019,BY,Belarus,81,5.3229999999999995,1.067,1.465,0.789,0.235,0.142,0.094
707,2019_GR,2019,GR,Greece,82,5.287000000000001,1.181,1.156,0.9990000000000001,0.067,0.034,0.0
708,2019_MN,2019,MN,Mongolia,83,5.285,0.948,1.531,0.667,0.317,0.038,0.235
709,2019_MK,2019,MK,Macedonia,84,5.274,0.983,1.294,0.838,0.345,0.034,0.185
710,2019_NG,2019,NG,Nigeria,85,5.265,0.696,1.111,0.245,0.426,0.040999999999999995,0.215
711,2019_KG,2019,KG,Kyrgyzstan,86,5.261,0.551,1.4380000000000002,0.723,0.508,0.023,0.3
712,2019_TM,2019,TM,Turkmenistan,87,5.247000000000001,1.052,1.538,0.657,0.39399999999999996,0.027999999999999997,0.244
713,2019_DZ,2019,DZ,Algeria,88,5.211,1.002,1.16,0.785,0.086,0.114,0.073
714,2019_MA,2019,MA,Morocco,89,5.207999999999999,0.8009999999999999,0.782,0.782,0.418,0.076,0.036000000000000004
715,2019_AZ,2019,AZ,Azerbaijan,90,5.207999999999999,1.043,1.147,0.769,0.35100000000000003,0.182,0.035
716,2019_LB,2019,LB,Lebanon,91,5.197,0.987,1.224,0.815,0.21600000000000003,0.027000000000000003,0.166
717,2019_ID,2019,ID,Indonesia,92,5.192,0.9309999999999999,1.203,0.66,0.491,0.027999999999999997,0.498
718,2019_CN,2019,CN,China,93,5.191,1.0290000000000001,1.125,0.893,0.521,0.1,0.057999999999999996
719,2019_VN,2019,VN,Vietnam,94,5.175,0.741,1.3459999999999999,0.851,0.5429999999999999,0.073,0.147
720,2019_BT,2019,BT,Bhutan,95,5.082,0.813,1.321,0.604,0.457,0.16699999999999998,0.37
721,2019_CM,2019,CM,Cameroon,96,5.044,0.5489999999999999,0.91,0.331,0.381,0.037000000000000005,0.187
722,2019_BG,2019,BG,Bulgaria,97,5.011,1.092,1.5130000000000001,0.815,0.311,0.004,0.081
723,2019_GH,2019,GH,Ghana,98,4.996,0.611,0.868,0.486,0.381,0.04,0.245
724,2019_CI,2019,CI,Ivory Coast,99,4.944,0.569,0.8079999999999999,0.23199999999999998,0.35200000000000004,0.09,0.154
725,2019_NP,2019,NP,Nepal,100,4.913,0.446,1.226,0.677,0.439,0.08900000000000001,0.285
726,2019_JO,2019,JO,Jordan,101,4.906000000000001,0.8370000000000001,1.225,0.815,0.38299999999999995,0.13,0.11
727,2019_BJ,2019,BJ,Benin,102,4.883,0.39299999999999996,0.43700000000000006,0.397,0.349,0.08199999999999999,0.175
728,2019_CG,2019,CG,Congo (Brazzaville),103,4.812,0.6729999999999999,0.799,0.508,0.37200000000000005,0.09300000000000001,0.105
729,2019_GA,2019,GA,Gabon,104,4.7989999999999995,1.057,1.183,0.5710000000000001,0.295,0.055,0.043
730,2019_LA,2019,LA,Laos,105,4.796,0.764,1.03,0.551,0.547,0.16399999999999998,0.266
731,2019_ZA,2019,ZA,South Africa,106,4.7219999999999995,0.96,1.351,0.469,0.389,0.055,0.13
732,2019_AL,2019,AL,Albania,107,4.718999999999999,0.9470000000000001,0.848,0.8740000000000001,0.38299999999999995,0.027000000000000003,0.17800000000000002
733,2019_VE,2019,VE,Venezuela,108,4.707,0.96,1.4269999999999998,0.805,0.154,0.047,0.064
734,2019_KH,2019,KH,Cambodia,109,4.7,0.574,1.122,0.637,0.609,0.062,0.23199999999999998
735,2019_PS,2019,PS,Palestinian Territories,110,4.696000000000001,0.657,1.247,0.672,0.225,0.066,0.10300000000000001
736,2019_SN,2019,SN,Senegal,111,4.681,0.45,1.1340000000000001,0.5710000000000001,0.292,0.07200000000000001,0.153
737,2019_SO,2019,SO,Somalia,112,4.668,0.0,0.698,0.268,0.5589999999999999,0.27,0.243
738,2019_NAM,2019,NAM,Namibia,113,4.638999999999999,0.879,1.3130000000000002,0.47700000000000004,0.401,0.055999999999999994,0.07
739,2019_NE,2019,NE,Niger,114,4.628,0.138,0.774,0.366,0.318,0.102,0.188
740,2019_BF,2019,BF,Burkina Faso,115,4.587,0.331,1.056,0.38,0.255,0.113,0.177
741,2019_AM,2019,AM,Armenia,116,4.559,0.85,1.055,0.815,0.28300000000000003,0.064,0.095
742,2019_IR,2019,IR,Iran,117,4.548,1.1,0.8420000000000001,0.785,0.305,0.125,0.27
743,2019_GN,2019,GN,Guinea,118,4.534,0.38,0.8290000000000001,0.375,0.332,0.086,0.207
744,2019_GE,2019,GE,Georgia,119,4.519,0.8859999999999999,0.6659999999999999,0.752,0.34600000000000003,0.16399999999999998,0.043
745,2019_GM,2019,GM,Gambia,120,4.516,0.308,0.9390000000000001,0.428,0.382,0.16699999999999998,0.26899999999999996
746,2019_KE,2019,KE,Kenya,121,4.5089999999999995,0.512,0.983,0.581,0.431,0.053,0.37200000000000005
747,2019_MR,2019,MR,Mauritania,122,4.49,0.57,1.167,0.489,0.066,0.08800000000000001,0.106
748,2019_MZ,2019,MZ,Mozambique,123,4.466,0.204,0.986,0.39,0.494,0.138,0.19699999999999998
749,2019_TN,2019,TN,Tunisia,124,4.461,0.9209999999999999,1.0,0.815,0.16699999999999998,0.055,0.059000000000000004
750,2019_BD,2019,BD,Bangladesh,125,4.456,0.562,0.9279999999999999,0.723,0.527,0.14300000000000002,0.166
751,2019_IQ,2019,IQ,Iraq,126,4.437,1.043,0.98,0.574,0.24100000000000002,0.08900000000000001,0.14800000000000002
752,2019_CD,2019,CD,Congo (Kinshasa),127,4.418,0.094,1.125,0.35700000000000004,0.26899999999999996,0.053,0.212
753,2019_ML,2019,ML,Mali,128,4.39,0.385,1.105,0.308,0.327,0.052000000000000005,0.153
754,2019_SL,2019,SL,Sierra Leone,129,4.374,0.268,0.841,0.242,0.309,0.045,0.252
755,2019_LK,2019,LK,Sri Lanka,130,4.3660000000000005,0.9490000000000001,1.265,0.831,0.47,0.047,0.244
756,2019_MM,2019,MM,Myanmar,131,4.36,0.71,1.181,0.555,0.525,0.172,0.5660000000000001
757,2019_TD,2019,TD,Chad,132,4.35,0.35,0.7659999999999999,0.192,0.174,0.078,0.198
758,2019_UA,2019,UA,Ukraine,133,4.332,0.82,1.39,0.7390000000000001,0.17800000000000002,0.01,0.187
759,2019_ET,2019,ET,Ethiopia,134,4.2860000000000005,0.336,1.033,0.532,0.344,0.1,0.209
760,2019_SZ,2019,SZ,Swaziland,135,4.212,0.8109999999999999,1.149,0.0,0.313,0.135,0.07400000000000001
761,2019_UG,2019,UG,Uganda,136,4.189,0.332,1.069,0.44299999999999995,0.35600000000000004,0.06,0.252
762,2019_EG,2019,EG,Egypt,137,4.166,0.9129999999999999,1.0390000000000001,0.644,0.24100000000000002,0.067,0.076
763,2019_ZM,2019,ZM,Zambia,138,4.107,0.578,1.058,0.426,0.431,0.087,0.247
764,2019_TG,2019,TG,Togo,139,4.085,0.275,0.5720000000000001,0.41,0.293,0.085,0.177
765,2019_IN,2019,IN,India,140,4.015,0.755,0.765,0.588,0.498,0.085,0.2
766,2019_LR,2019,LR,Liberia,141,3.975,0.073,0.922,0.44299999999999995,0.37,0.033,0.233
767,2019_KM,2019,KM,Comoros,142,3.9730000000000003,0.27399999999999997,0.757,0.505,0.142,0.078,0.275
768,2019_MG,2019,MG,Madagascar,143,3.9330000000000003,0.27399999999999997,0.9159999999999999,0.555,0.14800000000000002,0.040999999999999995,0.16899999999999998
769,2019_LS,2019,LS,Lesotho,144,3.802,0.489,1.169,0.168,0.359,0.09300000000000001,0.107
770,2019_BI,2019,BI,Burundi,145,3.775,0.046,0.447,0.38,0.22,0.18,0.17600000000000002
771,2019_ZW,2019,ZW,Zimbabwe,146,3.6630000000000003,0.366,1.114,0.433,0.361,0.08900000000000001,0.151
772,2019_HT,2019,HT,Haiti,147,3.597,0.32299999999999995,0.688,0.449,0.026000000000000002,0.11,0.419
773,2019_BW,2019,BW,Botswana,148,3.488,1.041,1.145,0.5379999999999999,0.455,0.1,0.025
774,2019_SY,2019,SY,Syria,149,3.4619999999999997,0.619,0.37799999999999995,0.44,0.013000000000000001,0.141,0.331
775,2019_MW,2019,MW,Malawi,150,3.41,0.191,0.56,0.495,0.44299999999999995,0.08900000000000001,0.218
776,2019_YE,2019,YE,Yemen,151,3.38,0.287,1.163,0.46299999999999997,0.14300000000000002,0.077,0.10800000000000001
777,2019_RW,2019,RW,Rwanda,152,3.3339999999999996,0.359,0.711,0.614,0.555,0.41100000000000003,0.217
778,2019_TZ,2019,TZ,Tanzania,153,3.2310000000000003,0.47600000000000003,0.885,0.499,0.41700000000000004,0.147,0.276
779,2019_AF,2019,AF,Afghanistan,154,3.2030000000000003,0.35,0.517,0.361,0.0,0.025,0.158
780,2019_CF,2019,CF,Central African Republic,155,3.083,0.026000000000000002,0.0,0.105,0.225,0.035,0.235
781,2019_SS,2019,SS,South Sudan,156,2.853,0.306,0.575,0.295,0.01,0.091,0.20199999999999999
