Series Name,Series Code,Country Name,Country Code,1990 [YR1990],2000 [YR2000],2011 [YR2011],2012 [YR2012],2013 [YR2013],2014 [YR2014],2015 [YR2015],2016 [YR2016],2017 [YR2017],2018 [YR2018],2019 [YR2019],2020 [YR2020]
"Labor force, female",SL.TLF.TOTL.FE.IN,Arab World,ARB,12075006,16980858,24161194,25024640,26045059,26613169,27053788,27764300,27513072,28015254,28629262,29239527
"Labor force, female",SL.TLF.TOTL.FE.IN,Caribbean small states,CSS,990259,1114672,1317905,1343284,1379793,1396688,1411105,1452271,1477700,1481263,1496548,1510986
"Labor force, female",SL.TLF.TOTL.FE.IN,Central Europe and the Baltics,CEB,24315375,23333060,22133256,22271161,22262919,22385916,22307556,22241828,22433318,22376796,22170839,21983348
"Labor force, female",SL.TLF.TOTL.FE.IN,Early-demographic dividend,EAR,210077135,283059837,342216963,345058883,350164398,355199377,362138345,368465106,375370243,382369216,388832378,395194712
"Labor force, female",SL.TLF.TOTL.FE.IN,East Asia & Pacific,EAS,417517569,490751747,529817010,533271109,535777843,539104621,541461686,543270218,545093950,548107948,548156694,547960498
"Labor force, female",SL.TLF.TOTL.FE.IN,East Asia & Pacific (excluding high income),EAP,374910054,442699692,476924003,479960273,481614133,484067836,485710838,486717202,487670984,489569023,489577671,489373279
"Labor force, female",SL.TLF.TOTL.FE.IN,East Asia & Pacific (IDA & IBRD),TEA,368923626,436001455,469561838,472540958,474141858,476540962,478127409,479083620,479981874,481825706,481788518,481551542
"Labor force, female",SL.TLF.TOTL.FE.IN,Euro area,EMU,55741573,63253723,72929650,73744259,74252182,74572677,74838241,75446468,75777950,76173556,76122469,76010784
"Labor force, female",SL.TLF.TOTL.FE.IN,Europe & Central Asia,ECS,167761083,174637850,191344026,192737946,194073104,194802606,195822706,197087346,197932883,198881732,198530762,198091574
"Labor force, female",SL.TLF.TOTL.FE.IN,Europe & Central Asia (excluding high income),ECA,79994096,78714316,83162933,83392162,83911360,83917599,84426470,84763505,85042604,85327098,84971386,84592471
"Labor force, female",SL.TLF.TOTL.FE.IN,Europe & Central Asia (IDA & IBRD),TEC,88963290,87545015,92148196,92438651,92954450,93046472,93509963,93814743,94097960,94370488,93938121,93489490
"Labor force, female",SL.TLF.TOTL.FE.IN,European Union,EUU,80175023,86763661,95544714,96502697,97051490,97521693,97719419,98314502,98849835,99250780,99053253,98813886
"Labor force, female",SL.TLF.TOTL.FE.IN,Fragile and conflict affected situations,FCS,54291334,70538957,88927929,89552822,90643649,92591771,94770746,96406390,98108301,100540130,102870362,105319476
"Labor force, female",SL.TLF.TOTL.FE.IN,Heavily indebted poor countries (HIPC),HPC,62013434,83714921,113097877,115838474,119263445,122839999,126608102,130971403,135489449,140333187,144858068,149510978
"Labor force, female",SL.TLF.TOTL.FE.IN,High income,HIC,198494991,225371114,253349394,255999385,258157958,260645657,262658222,265803524,268639305,271348262,271910005,272368826
"Labor force, female",SL.TLF.TOTL.FE.IN,IBRD only,IBD,594085709,710222735,780078466,783743755,788638884,792357286,797638037,802431189,806891044,812004741,814411894,816502013
"Labor force, female",SL.TLF.TOTL.FE.IN,IDA & IBRD total,IBT,712233086,868796059,992829173,1000710253,1010391496,1020197019,1032522036,1043283848,1055482195,1067461699,1077028551,1086440266
"Labor force, female",SL.TLF.TOTL.FE.IN,IDA blend,IDB,33207193,44791618,62101227,62787089,63557603,65240496,67348327,68302810,69625398,71024930,72880252,74779964
"Labor force, female",SL.TLF.TOTL.FE.IN,IDA only,IDX,84940184,113781706,150649480,154179409,158195008,162599237,167535672,172549849,178965752,184432029,189736405,195158290
"Labor force, female",SL.TLF.TOTL.FE.IN,IDA total,IDA,118147377,158573324,212750707,216966498,221752611,227839733,234883999,240852659,248591150,255456958,262616657,269938253
"Labor force, female",SL.TLF.TOTL.FE.IN,Late-demographic dividend,LTE,427422289,491737018,529553416,533155069,535337755,537280652,539155722,539922866,541165420,541631378,540461373,539055176
"Labor force, female",SL.TLF.TOTL.FE.IN,Latin America & Caribbean,LCN,59551755,85534352,112335316,116136450,117747809,118973379,121469660,123675242,126349269,129073232,130870680,132584985
"Labor force, female",SL.TLF.TOTL.FE.IN,Latin America & Caribbean (excluding high income),LAC,56406133,81280985,106576675,110269129,111780937,112891353,115319372,117413100,119971087,122545713,124250511,125887201
"Labor force, female",SL.TLF.TOTL.FE.IN,Latin America & Caribbean (IDA & IBRD),TLA,57480481,83227762,109619084,113430352,115049788,116291969,118792927,121004602,123697293,126441785,128247599,129974439
"Labor force, female",SL.TLF.TOTL.FE.IN,Least developed countries: UN classification,LDC,79867799,107044770,142946734,146447815,150336615,154570317,159398717,164323218,170672308,175908400,181097883,186402364
"Labor force, female",SL.TLF.TOTL.FE.IN,Low & middle income,LMY,708234884,864811008,988334437,996104032,1005735936,1015393359,1027772133,1038498493,1050623247,1062506576,1072106005,1081540668
"Labor force, female",SL.TLF.TOTL.FE.IN,Low income,LIC,61861368,81163754,107436791,110007214,112938168,115983429,119591116,123451984,127430098,131476675,135506552,139641340
"Labor force, female",SL.TLF.TOTL.FE.IN,Lower middle income,LMC,213901623,279365297,328944956,328774762,332594276,337498307,341957966,345806885,351256518,357271440,363044404,368776469
"Labor force, female",SL.TLF.TOTL.FE.IN,Middle East & North Africa,MEA,12353762,18256765,26213298,26904249,27702017,28063095,28840011,30054356,30097848,30485871,30985446,31473638
"Labor force, female",SL.TLF.TOTL.FE.IN,Middle East & North Africa (excluding high income),MNA,10536945,15367275,21056007,21395568,21935381,21982213,22393674,23333997,23287164,23606336,23982878,24345722
"Labor force, female",SL.TLF.TOTL.FE.IN,Middle East & North Africa (IDA & IBRD),TMN,10478033,15273088,20885236,21213391,21751273,21783258,22169959,23110195,23053659,23365313,23730753,24082800
"Labor force, female",SL.TLF.TOTL.FE.IN,Middle income,MIC,646373516,783647254,880897646,886096818,892797768,899409930,908181016,915046509,923193150,931029901,936599453,941899328
"Labor force, female",SL.TLF.TOTL.FE.IN,North America,NAC,63158050,74252669,81359361,81966762,82098994,82560957,82914514,83944164,85137194,85847648,86148868,86456804
"Labor force, female",SL.TLF.TOTL.FE.IN,OECD members,OED,204690034,233109407,264340966,267589635,270210108,272369855,274947788,278638255,282064603,285605396,286585227,287436987
"Labor force, female",SL.TLF.TOTL.FE.IN,Other small states,OSS,2700977,3336832,4451800,4595129,4759077,4878304,5010165,5097415,5212519,5330067,5441527,5550889
"Labor force, female",SL.TLF.TOTL.FE.IN,Pacific island small states,PSS,206903,253981,345536,347053,348561,350061,351058,352862,359077,365743,374645,381807
"Labor force, female",SL.TLF.TOTL.FE.IN,Post-demographic dividend,PST,197948603,220468502,242799611,244625481,246503658,248096987,249623850,252136120,254634614,256919014,257177487,257348804
"Labor force, female",SL.TLF.TOTL.FE.IN,Pre-demographic dividend,PRE,68078623,90908920,122156184,124223006,126771043,130293055,134286352,138511173,142781514,147573933,152191595,156973333
"Labor force, female",SL.TLF.TOTL.FE.IN,Small states,SST,3898140,4705485,6115241,6285466,6487431,6625053,6772328,6902549,7049296,7177073,7312720,7443682
"Labor force, female",SL.TLF.TOTL.FE.IN,South Asia,SAS,98140484,127738623,140984582,138373230,140135429,141756738,143995661,145166557,147675469,148578424,150621956,152651163
"Labor force, female",SL.TLF.TOTL.FE.IN,South Asia (IDA & IBRD),TSA,98140484,127738623,140984582,138373230,140135429,141756738,143995661,145166557,147675469,148578424,150621956,152651163
"Labor force, female",SL.TLF.TOTL.FE.IN,Sub-Saharan Africa,SSF,88247172,119010116,159630237,162713671,166358697,170777619,175926117,181104132,186975939,192879983,198701604,204690832
"Labor force, female",SL.TLF.TOTL.FE.IN,Sub-Saharan Africa (excluding high income),SSA,88247172,119010116,159630237,162713671,166358697,170777619,175926117,181104132,186975939,192879983,198701604,204690832
"Labor force, female",SL.TLF.TOTL.FE.IN,Sub-Saharan Africa (IDA & IBRD),TSS,88247172,119010116,159630237,162713671,166358697,170777619,175926117,181104132,186975939,192879983,198701604,204690832
"Labor force, female",SL.TLF.TOTL.FE.IN,Upper middle income,UMC,432471894,504281957,551952690,557322056,560203492,561911623,566223050,569239624,571936632,573758461,573555049,573122858
"Labor force, female",SL.TLF.TOTL.FE.IN,World,WLD,906729875,1090182122,1241683831,1252103417,1263893893,1276039016,1290430354,1304302016,1319262552,1333854838,1344016011,1353909494
"Labor force, female",SL.TLF.TOTL.FE.IN,Afghanistan,AFG,477409,753448,1177639,1271655,1408866,1560217,1723907,1895900,2078823,2198288,2294901,2395899
"Labor force, female",SL.TLF.TOTL.FE.IN,Albania,ALB,582494,552316,532310,545292,500660,502016,535475,539982,545571,546543,547465,547119
"Labor force, female",SL.TLF.TOTL.FE.IN,Algeria,DZA,847000,1200431,2013874,2171391,2306529,2128417,2138317,2147299,2146036,2138677,2168806,2196209
"Labor force, female",SL.TLF.TOTL.FE.IN,American Samoa,ASM,..,..,..,..,..,..,..,..,..,..,..,..
"Labor force, female",SL.TLF.TOTL.FE.IN,Andorra,AND,..,..,..,..,..,..,..,..,..,..,..,..
"Labor force, female",SL.TLF.TOTL.FE.IN,Angola,AGO,2338525,3290669,4941828,5125854,5318392,5517698,5724786,5935853,6153426,6379611,6615457,6861857
"Labor force, female",SL.TLF.TOTL.FE.IN,Antigua and Barbuda,ATG,..,..,..,..,..,..,..,..,..,..,..,..
"Labor force, female",SL.TLF.TOTL.FE.IN,Argentina,ARG,5348813,6878430,7691019,7808644,7845500,7840441,8055761,8268276,8483371,8837952,8916752,8993780
"Labor force, female",SL.TLF.TOTL.FE.IN,Armenia,ARM,616659,569860,631908,637408,642761,635145,625900,604227,602468,601826,601606,601015
"Labor force, female",SL.TLF.TOTL.FE.IN,Aruba,ABW,..,..,..,..,..,..,..,..,..,..,..,..
"Labor force, female",SL.TLF.TOTL.FE.IN,Australia,AUS,3517185,4189969,5375573,5467008,5561761,5648963,5777417,5882183,6018650,6163411,6221151,6281188
"Labor force, female",SL.TLF.TOTL.FE.IN,Austria,AUT,1464214,1696592,1994846,2024252,2046749,2061081,2082070,2119047,2128965,2136138,2143997,2147817
"Labor force, female",SL.TLF.TOTL.FE.IN,Azerbaijan,AZE,1291458,1632231,2225011,2265607,2299292,2345140,2390115,2424415,2452941,2482408,2491418,2496792
"Labor force, female",SL.TLF.TOTL.FE.IN,"Bahamas, The",BHS,57265,75270,93805,95901,97666,99419,101201,102756,104435,106047,106895,108736
"Labor force, female",SL.TLF.TOTL.FE.IN,Bahrain,BHR,38335,64961,152847,157400,161191,164916,169057,174871,181818,189831,196475,202207
"Labor force, female",SL.TLF.TOTL.FE.IN,Bangladesh,BGD,7086415,10499806,15319814,15890898,16474736,17073942,17689452,18314688,20354292,20873332,21344448,21802753
"Labor force, female",SL.TLF.TOTL.FE.IN,Barbados,BRB,63834,70179,75334,74291,76083,74827,75248,76536,76693,76680,76499,76750
"Labor force, female",SL.TLF.TOTL.FE.IN,Belarus,BLR,2271366,2343928,2532041,2535107,2536457,2536361,2535516,2536914,2521598,2494353,2470032,2442997
"Labor force, female",SL.TLF.TOTL.FE.IN,Belgium,BEL,1543581,1896148,2201934,2219297,2262857,2291468,2302873,2298840,2309276,2353059,2356516,2358752
"Labor force, female",SL.TLF.TOTL.FE.IN,Belize,BLZ,18079,29374,50373,52398,54457,57175,59779,63619,64805,67099,69516,71640
"Labor force, female",SL.TLF.TOTL.FE.IN,Benin,BEN,816009,1247791,1851345,1907838,1966852,2028699,2093963,2159727,2228672,2300623,2378004,2458162
"Labor force, female",SL.TLF.TOTL.FE.IN,Bermuda,BMU,..,..,..,..,..,..,..,..,..,..,..,..
"Labor force, female",SL.TLF.TOTL.FE.IN,Bhutan,BTN,86388,105193,137916,143448,134485,129717,143110,146461,149336,151835,154807,157621
"Labor force, female",SL.TLF.TOTL.FE.IN,Bolivia,BOL,1175098,1562943,2076712,1995360,2070255,2191395,2005225,2141870,2271440,2488607,2532766,2575923
"Labor force, female",SL.TLF.TOTL.FE.IN,Bosnia and Herzegovina,BIH,607924,509204,545829,541958,547332,551229,541209,526559,526768,517320,512404,508008
"Labor force, female",SL.TLF.TOTL.FE.IN,Botswana,BWA,182461,264704,394663,427045,458249,466767,476262,487091,499297,512326,526269,540581
"Labor force, female",SL.TLF.TOTL.FE.IN,Brazil,BRA,20453870,31373771,39918166,41252800,41817679,42357113,43400379,43939723,45230994,45991715,46417226,46802216
"Labor force, female",SL.TLF.TOTL.FE.IN,British Virgin Islands,VGB,..,..,..,..,..,..,..,..,..,..,..,..
"Labor force, female",SL.TLF.TOTL.FE.IN,Brunei Darussalam,BRN,36157,64051,80976,82594,84143,85724,87387,88902,90634,91649,93037,93953
"Labor force, female",SL.TLF.TOTL.FE.IN,Bulgaria,BGR,1936896,1577755,1549853,1558797,1571105,1563347,1551054,1512198,1557814,1536082,1520500,1505805
"Labor force, female",SL.TLF.TOTL.FE.IN,Burkina Faso,BFA,1875061,2200695,2641286,2705461,2773283,2843897,2937913,3033416,3132420,3235625,3332302,3432713
"Labor force, female",SL.TLF.TOTL.FE.IN,Burundi,BDI,1337025,1389591,2011348,2070350,2129944,2190640,2264944,2341604,2420865,2502563,2584344,2667753
"Labor force, female",SL.TLF.TOTL.FE.IN,Cabo Verde,CPV,42551,57806,81774,84903,88047,91136,94126,97122,100107,102669,105084,107200
"Labor force, female",SL.TLF.TOTL.FE.IN,Cambodia,KHM,2022789,2889262,4212167,4124084,4007425,4070270,4117901,4320484,4386695,4449986,4523360,4598561
"Labor force, female",SL.TLF.TOTL.FE.IN,Cameroon,CMR,2528210,3389421,4202898,4329133,4460226,4596460,4738334,4882394,5032738,5188884,5335944,5486977
"Labor force, female",SL.TLF.TOTL.FE.IN,Canada,CAN,6463963,7398793,8976240,9090611,9214189,9230692,9259601,9382488,9532683,9636638,9699083,9761679
"Labor force, female",SL.TLF.TOTL.FE.IN,Cayman Islands,CYM,..,..,..,..,..,..,..,..,..,..,..,..
"Labor force, female",SL.TLF.TOTL.FE.IN,Central African Republic,CAF,529353,692547,814984,812484,812842,811591,812879,823737,838045,855274,875095,895651
"Labor force, female",SL.TLF.TOTL.FE.IN,Chad,TCD,1034975,1395188,2041803,2116243,2195647,2278369,2365194,2452556,2542638,2635047,2730409,2828750
"Labor force, female",SL.TLF.TOTL.FE.IN,Channel Islands,CHI,27971,31476,34453,34848,35286,35651,36237,36701,37049,37370,37536,37931
"Labor force, female",SL.TLF.TOTL.FE.IN,Chile,CHL,1581080,2197238,3374095,3436775,3514198,3606815,3661220,3742749,3856035,3965512,4038172,4097519
"Labor force, female",SL.TLF.TOTL.FE.IN,China,CHN,289813944,331293224,342714663,343627467,344429860,344946133,345111490,344934644,344437404,343258496,341310579,339257458
"Labor force, female",SL.TLF.TOTL.FE.IN,Colombia,COL,5529578,7443770,9801034,10217483,10361584,10538744,10837419,10987775,11164098,11262448,11504783,11717816
"Labor force, female",SL.TLF.TOTL.FE.IN,Comoros,COM,34896,49092,72429,74890,77420,80084,82860,85537,88368,91343,94013,97388
"Labor force, female",SL.TLF.TOTL.FE.IN,"Congo, Dem. Rep.",COD,6872040,9227409,11367343,11467292,11836268,12225041,12637383,13051444,13491569,13955038,14380184,14822437
"Labor force, female",SL.TLF.TOTL.FE.IN,"Congo, Rep.",COG,441260,615001,876590,896859,916971,937546,959804,985314,1012710,1041440,1071057,1101116
"Labor force, female",SL.TLF.TOTL.FE.IN,Costa Rica,CRI,331358,529676,804196,909694,917134,920934,919273,864179,889998,951087,965307,979084
"Labor force, female",SL.TLF.TOTL.FE.IN,Cote d'Ivoire,CIV,1464647,2120155,2774474,2857525,2944638,3036334,3132742,3230195,3338334,3452153,3565544,3682238
"Labor force, female",SL.TLF.TOTL.FE.IN,Croatia,HRV,948299,879023,845652,842443,842486,875579,877559,846531,840895,833840,825754,818678
"Labor force, female",SL.TLF.TOTL.FE.IN,Cuba,CUB,1514213,1601677,1977165,1978584,1979289,1977176,1985758,1982769,1971690,1966749,1962554,1955514
"Labor force, female",SL.TLF.TOTL.FE.IN,Curacao,CUW,..,..,..,..,..,..,..,..,..,..,..,..
"Labor force, female",SL.TLF.TOTL.FE.IN,Cyprus,CYP,130852,181327,265466,265443,268233,277871,280552,278529,282297,287947,290910,292828
"Labor force, female",SL.TLF.TOTL.FE.IN,Czech Republic,CZE,2201471,2295844,2277152,2305183,2343812,2340235,2359591,2390631,2413112,2437583,2432018,2429008
"Labor force, female",SL.TLF.TOTL.FE.IN,Denmark,DNK,1329573,1331743,1384362,1380524,1377795,1374553,1379748,1433080,1414828,1427710,1432318,1437060
"Labor force, female",SL.TLF.TOTL.FE.IN,Djibouti,DJI,73839,98635,136856,140333,143963,147735,151643,154549,158043,161830,165315,168590
"Labor force, female",SL.TLF.TOTL.FE.IN,Dominica,DMA,..,..,..,..,..,..,..,..,..,..,..,..
"Labor force, female",SL.TLF.TOTL.FE.IN,Dominican Republic,DOM,778266,1120200,1538943,1602208,1645493,1693739,1826371,1884862,1923870,1976861,2013485,2049552
"Labor force, female",SL.TLF.TOTL.FE.IN,Ecuador,ECU,1485496,2133313,2612891,2734602,2743692,2747847,3020139,3299640,3424609,3415131,3494368,3571044
"Labor force, female",SL.TLF.TOTL.FE.IN,"Egypt, Arab Rep.",EGY,3573373,4343764,6254101,6503819,6884012,7108939,6913040,7127302,6961265,7092377,7278905,7459039
"Labor force, female",SL.TLF.TOTL.FE.IN,El Salvador,SLV,664101,905108,1066014,1104173,1144947,1126699,1116653,1151918,1148770,1154218,1170162,1185834
"Labor force, female",SL.TLF.TOTL.FE.IN,Equatorial Guinea,GNQ,61548,86348,140954,147118,153763,160832,168278,173873,180150,187018,194451,202264
"Labor force, female",SL.TLF.TOTL.FE.IN,Eritrea,ERI,449980,443315,697164,..,..,..,..,..,..,..,..,..
"Labor force, female",SL.TLF.TOTL.FE.IN,Estonia,EST,364855,329828,338908,335603,333368,326960,334270,336438,339645,340746,338044,335173
"Labor force, female",SL.TLF.TOTL.FE.IN,Eswatini,SWZ,99629,134977,160985,163007,164843,166431,167691,171295,174304,176979,179065,181914
"Labor force, female",SL.TLF.TOTL.FE.IN,Ethiopia,ETH,8626850,12769549,18685602,19362022,20066706,20809061,21571198,22321194,23098500,23900377,24745211,25597678
"Labor force, female",SL.TLF.TOTL.FE.IN,Faroe Islands,FRO,..,..,..,..,..,..,..,..,..,..,..,..
"Labor force, female",SL.TLF.TOTL.FE.IN,Fiji,FJI,88728,95909,135368,131990,128454,124919,120689,117016,117546,118245,120042,121979
"Labor force, female",SL.TLF.TOTL.FE.IN,Finland,FIN,1236123,1230342,1288313,1297220,1292319,1297248,1301682,1291706,1299505,1316875,1315235,1314807
"Labor force, female",SL.TLF.TOTL.FE.IN,France,FRA,11192811,12477879,14085434,14203039,14327874,14340810,14382091,14442125,14446751,14576574,14611500,14642336
"Labor force, female",SL.TLF.TOTL.FE.IN,French Polynesia,PYF,29113,38347,48167,49133,49645,49999,50222,50621,50785,50841,50977,51149
"Labor force, female",SL.TLF.TOTL.FE.IN,Gabon,GAB,103730,134563,211302,222156,233701,245547,257350,265604,273506,281050,289883,299002
"Labor force, female",SL.TLF.TOTL.FE.IN,"Gambia, The",GMB,123955,166999,258893,269169,278713,288944,299286,309450,319968,330911,342899,355453
"Labor force, female",SL.TLF.TOTL.FE.IN,Georgia,GEO,1139920,952420,941408,940471,918778,933375,951178,923366,919973,916268,911877,907688
"Labor force, female",SL.TLF.TOTL.FE.IN,Germany,DEU,15790326,17601438,19098679,19144549,19403363,19538673,19708555,19963490,20088790,20176576,20178692,20146733
"Labor force, female",SL.TLF.TOTL.FE.IN,Ghana,GHA,2978562,4035742,5092311,5178615,5262004,5343040,5422143,5567136,5716758,5871180,6005941,6140390
"Labor force, female",SL.TLF.TOTL.FE.IN,Gibraltar,GIB,..,..,..,..,..,..,..,..,..,..,..,..
"Labor force, female",SL.TLF.TOTL.FE.IN,Greece,GRC,1503402,1898136,2125936,2132018,2112990,2108710,2127175,2132422,2118437,2100705,2082963,2064946
"Labor force, female",SL.TLF.TOTL.FE.IN,Greenland,GRL,..,..,..,..,..,..,..,..,..,..,..,..
"Labor force, female",SL.TLF.TOTL.FE.IN,Grenada,GRD,..,..,..,..,..,..,..,..,..,..,..,..
"Labor force, female",SL.TLF.TOTL.FE.IN,Guam,GUM,24468,30463,31431,31532,31634,31780,31951,32180,32482,32809,33227,33286
"Labor force, female",SL.TLF.TOTL.FE.IN,Guatemala,GTM,976642,1413704,1923197,2268145,2059903,2131398,2100917,2245582,2257867,2334776,2398432,2462113
"Labor force, female",SL.TLF.TOTL.FE.IN,Guinea,GIN,1186874,1506262,1918483,1966611,2017435,2071490,2129308,2193686,2262570,2336408,2413285,2492907
"Labor force, female",SL.TLF.TOTL.FE.IN,Guinea-Bissau,GNB,179766,224067,305519,314454,323644,333136,342662,351909,361443,371351,381843,392830
"Labor force, female",SL.TLF.TOTL.FE.IN,Guyana,GUY,90088,85839,104252,107166,109999,112809,115624,118479,121440,122791,124359,125608
"Labor force, female",SL.TLF.TOTL.FE.IN,Haiti,HTI,1191697,1503910,1998040,2049651,2107429,2160881,2208902,2256655,2304107,2353413,2404424,2456466
"Labor force, female",SL.TLF.TOTL.FE.IN,Honduras,HND,621868,861525,1130276,1132327,1270675,1388892,1477995,1513584,1540311,1716851,1762879,1809294
"Labor force, female",SL.TLF.TOTL.FE.IN,"Hong Kong SAR, China",HKG,1059176,1411651,1764715,1815573,1865968,1887644,1913306,1927661,1943836,1952888,1953681,1953151
"Labor force, female",SL.TLF.TOTL.FE.IN,Hungary,HUN,2053844,1855748,1986865,2019071,2019433,2076142,2114492,2140170,2146347,2150922,2144753,2139600
"Labor force, female",SL.TLF.TOTL.FE.IN,Iceland,ISL,64891,80023,88472,89931,91836,93974,96445,98094,99443,100550,101310,101680
"Labor force, female",SL.TLF.TOTL.FE.IN,India,IND,79186845,101457565,101913232,98024393,98074640,98156679,98241557,98383204,98472044,98549313,99229231,99904630
"Labor force, female",SL.TLF.TOTL.FE.IN,Indonesia,IDN,25755969,37640345,44787941,45988687,46047803,46687160,47445679,48301134,50293556,52057728,52945709,53779674
"Labor force, female",SL.TLF.TOTL.FE.IN,"Iran, Islamic Rep.",IRN,1481535,2956923,4264435,4147748,4031000,3917190,4379794,4996244,5428232,5440594,5450690,5457463
"Labor force, female",SL.TLF.TOTL.FE.IN,Iraq,IRQ,381590,651623,1077923,1122312,1258688,1410378,1519907,1624257,1294810,1348295,1412173,1477804
"Labor force, female",SL.TLF.TOTL.FE.IN,Ireland,IRL,496831,759628,1015546,1014706,1028301,1027275,1031700,1056505,1070669,1092596,1104907,1116218
"Labor force, female",SL.TLF.TOTL.FE.IN,Isle of Man,IMN,..,..,..,..,..,..,..,..,..,..,..,..
"Labor force, female",SL.TLF.TOTL.FE.IN,Israel,ISR,751181,1240365,1642092,1702517,1735015,1791559,1822148,1866583,1895303,1946737,1977032,2008636
"Labor force, female",SL.TLF.TOTL.FE.IN,Italy,ITA,8682648,8977747,10146547,10523022,10630455,10852079,10758971,10926218,11050974,11080890,11048949,11013981
"Labor force, female",SL.TLF.TOTL.FE.IN,Jamaica,JAM,520776,531454,586793,594917,617350,622498,634188,661469,680044,676149,683906,691039
"Labor force, female",SL.TLF.TOTL.FE.IN,Japan,JPN,25829921,27300373,27583034,27527087,27937392,28184677,28407019,28819989,29272280,30033840,29957820,29880492
"Labor force, female",SL.TLF.TOTL.FE.IN,Jordan,JOR,94344,188085,358066,370642,367376,388618,409560,429066,447569,465300,478047,488584
"Labor force, female",SL.TLF.TOTL.FE.IN,Kazakhstan,KAZ,3846591,3748269,4304301,4343281,4378969,4411925,4427415,4383667,4328749,4339825,4342751,4343420
"Labor force, female",SL.TLF.TOTL.FE.IN,Kenya,KEN,4273150,6111590,8414106,8816830,9236233,9668286,10111031,10571254,10934552,11306959,11709259,12124395
"Labor force, female",SL.TLF.TOTL.FE.IN,Kiribati,KIR,..,..,..,..,..,..,..,..,..,..,..,..
"Labor force, female",SL.TLF.TOTL.FE.IN,"Korea, Dem. People's Rep.",PRK,5986428,6698237,7362164,7419315,7472274,7526874,7583430,7633582,7689110,7743317,7789153,7821737
"Labor force, female",SL.TLF.TOTL.FE.IN,"Korea, Rep.",KOR,7590606,9207369,10529792,10709019,10871115,11243311,11447446,11602895,11785175,11910324,11946716,11963051
"Labor force, female",SL.TLF.TOTL.FE.IN,Kosovo,XKX,..,..,..,..,..,..,..,..,..,..,..,..
"Labor force, female",SL.TLF.TOTL.FE.IN,Kuwait,KWT,210362,245776,460815,495152,532770,566668,594237,602903,610288,608638,607623,607363
"Labor force, female",SL.TLF.TOTL.FE.IN,Kyrgyz Republic,KGZ,710128,904531,1040745,1032727,999625,1038146,1043801,1026829,992641,988696,998774,1006461
"Labor force, female",SL.TLF.TOTL.FE.IN,Lao PDR,LAO,960601,1213866,1592318,1626359,1659695,1692371,1724500,1759702,1794694,1829668,1867949,1906199
"Labor force, female",SL.TLF.TOTL.FE.IN,Latvia,LVA,610495,524513,515866,519731,509736,498642,499931,504380,500726,499563,489788,480325
"Labor force, female",SL.TLF.TOTL.FE.IN,Lebanon,LBN,168440,290144,435338,463741,492560,517856,538181,558084,572255,582281,586718,587353
"Labor force, female",SL.TLF.TOTL.FE.IN,Lesotho,LSO,369842,440839,410041,409554,409370,414620,420177,425118,430789,436581,440965,444592
"Labor force, female",SL.TLF.TOTL.FE.IN,Liberia,LBR,405844,574800,811227,836736,861960,888150,915378,969753,998369,1027926,1059253,1091337
"Labor force, female",SL.TLF.TOTL.FE.IN,Libya,LBY,289651,488978,740014,749402,757203,764306,771456,783647,797225,811455,824621,836286
"Labor force, female",SL.TLF.TOTL.FE.IN,Liechtenstein,LIE,..,..,..,..,..,..,..,..,..,..,..,..
"Labor force, female",SL.TLF.TOTL.FE.IN,Lithuania,LTU,837764,832363,753617,751525,738875,743446,741990,748574,740391,739807,724252,708561
"Labor force, female",SL.TLF.TOTL.FE.IN,Luxembourg,LUX,55501,74986,106963,113056,116064,120945,127627,127557,134272,139001,141678,144425
"Labor force, female",SL.TLF.TOTL.FE.IN,"Macao SAR, China",MAC,58050,98171,167050,169647,175752,180711,184135,185383,185827,187093,187893,188065
"Labor force, female",SL.TLF.TOTL.FE.IN,Madagascar,MDG,2668317,3669042,5418546,5585971,5722159,5850756,5967467,6160150,6356471,6556887,6772308,6995278
"Labor force, female",SL.TLF.TOTL.FE.IN,Malawi,MWI,2026846,2333790,3034841,3126282,3223548,3332954,3445559,3564580,3684684,3808011,3938170,4076538
"Labor force, female",SL.TLF.TOTL.FE.IN,Malaysia,MYS,2541243,3396832,4549792,4798144,5187879,5400615,5552097,5676916,5784986,5891599,6015161,6134347
"Labor force, female",SL.TLF.TOTL.FE.IN,Maldives,MDV,11483,31066,56152,58521,60880,63112,61557,59618,59971,59195,60036,61016
"Labor force, female",SL.TLF.TOTL.FE.IN,Mali,MLI,1395680,1801459,2484351,2552386,2623889,2698807,2822049,2910676,3004818,3105150,3211233,3322774
"Labor force, female",SL.TLF.TOTL.FE.IN,Malta,MLT,39264,47531,63332,69453,74108,78199,80888,85209,89579,96118,95778,95990
"Labor force, female",SL.TLF.TOTL.FE.IN,Marshall Islands,MHL,..,..,..,..,..,..,..,..,..,..,..,..
"Labor force, female",SL.TLF.TOTL.FE.IN,Mauritania,MRT,169810,225950,299707,308866,320019,331712,344284,355983,368495,381701,394091,406553
"Labor force, female",SL.TLF.TOTL.FE.IN,Mauritius,MUS,145959,177666,210924,214691,225806,228955,236287,233237,236792,239303,241106,243245
"Labor force, female",SL.TLF.TOTL.FE.IN,Mexico,MEX,8862643,13086116,18482920,19296674,19659145,19569563,20079477,20436618,20624766,21209778,21579955,21941577
"Labor force, female",SL.TLF.TOTL.FE.IN,"Micronesia, Fed. Sts.",FSM,..,..,..,..,..,..,..,..,..,..,..,..
"Labor force, female",SL.TLF.TOTL.FE.IN,Moldova,MDA,543668,594651,492741,479293,486226,483769,518121,496616,479939,491382,485070,478215
"Labor force, female",SL.TLF.TOTL.FE.IN,Monaco,MCO,..,..,..,..,..,..,..,..,..,..,..,..
"Labor force, female",SL.TLF.TOTL.FE.IN,Mongolia,MNG,337343,427678,551719,559788,568023,579322,585220,580724,595470,603739,609798,615705
"Labor force, female",SL.TLF.TOTL.FE.IN,Montenegro,MNE,98754,101119,106645,111430,111337,117302,121022,120541,119806,120834,121323,121048
"Labor force, female",SL.TLF.TOTL.FE.IN,Morocco,MAR,1710236,2384553,3090544,3045190,3064507,3006720,2950031,2890850,2835103,2888997,2917852,2942671
"Labor force, female",SL.TLF.TOTL.FE.IN,Mozambique,MOZ,3273626,4632619,5712676,5800088,5888285,5979487,6073899,6262359,6462613,6673549,6878009,7088968
"Labor force, female",SL.TLF.TOTL.FE.IN,Myanmar,MMR,8276371,9759517,10077523,10152616,10223435,10296836,10373028,10114315,9856527,9916965,9995269,10076958
"Labor force, female",SL.TLF.TOTL.FE.IN,Namibia,NAM,204996,264031,377917,389789,429502,432681,432164,432150,440210,449416,463295,476284
"Labor force, female",SL.TLF.TOTL.FE.IN,Nauru,NRU,..,..,..,..,..,..,..,..,..,..,..,..
"Labor force, female",SL.TLF.TOTL.FE.IN,Nepal,NPL,4529613,5887132,7291978,7518029,7770810,8035565,8302170,8595425,8882623,9158413,9410220,9648745
"Labor force, female",SL.TLF.TOTL.FE.IN,Netherlands,NLD,2680337,3513306,4062986,4121235,4131864,4101155,4154787,4170215,4207684,4263091,4272426,4278368
"Labor force, female",SL.TLF.TOTL.FE.IN,New Caledonia,NCL,33503,45800,57168,58031,58928,59795,60679,61602,62517,63441,64091,64933
"Labor force, female",SL.TLF.TOTL.FE.IN,New Zealand,NZL,699444,871850,1101628,1110908,1129031,1164542,1187411,1235469,1277773,1295331,1306451,1316844
"Labor force, female",SL.TLF.TOTL.FE.IN,Nicaragua,NIC,429990,608405,975407,1004878,1034279,1063433,1091617,1119781,1147834,1151308,1176162,1200870
"Labor force, female",SL.TLF.TOTL.FE.IN,Niger,NER,1517551,2092455,2974082,2974797,2970701,2960777,3075764,3190915,3313994,3444570,3568515,3698342
"Labor force, female",SL.TLF.TOTL.FE.IN,Nigeria,NGA,14533618,19041915,25007658,24468622,23938948,24257857,24573387,24850828,25563509,26318200,26908373,27513563
"Labor force, female",SL.TLF.TOTL.FE.IN,North Macedonia,MKD,317173,323366,373623,371346,384103,381034,378550,368786,372750,376173,376557,376628
"Labor force, female",SL.TLF.TOTL.FE.IN,Northern Mariana Islands,MNP,..,..,..,..,..,..,..,..,..,..,..,..
"Labor force, female",SL.TLF.TOTL.FE.IN,Norway,NOR,964232,1119575,1246299,1262422,1277572,1288341,1301179,1303846,1302157,1315599,1325725,1335738
"Labor force, female",SL.TLF.TOTL.FE.IN,Oman,OMN,85745,136298,237264,253951,272582,291986,311202,326941,338416,346722,355719,364670
"Labor force, female",SL.TLF.TOTL.FE.IN,Pakistan,PAK,4100253,6413464,12360429,12847259,13356229,13919984,14873210,14756670,14633483,14505644,15032270,15571098
"Labor force, female",SL.TLF.TOTL.FE.IN,Palau,PLW,..,..,..,..,..,..,..,..,..,..,..,..
"Labor force, female",SL.TLF.TOTL.FE.IN,Panama,PAN,300892,461275,599654,646732,681687,696856,728921,751991,764270,817994,835614,852823
"Labor force, female",SL.TLF.TOTL.FE.IN,Papua New Guinea,PNG,944294,1232977,1083161,1108922,1135827,1155781,1179198,1206786,1237051,1268938,1292680,1316655
"Labor force, female",SL.TLF.TOTL.FE.IN,Paraguay,PRY,640839,850942,1167430,1297376,1291842,1257201,1280869,1314173,1344616,1426898,1456220,1485250
"Labor force, female",SL.TLF.TOTL.FE.IN,Peru,PER,2962068,4835826,7427154,7521909,7588242,7613073,7567838,7778369,8150917,8403699,8629101,8849116
"Labor force, female",SL.TLF.TOTL.FE.IN,Philippines,PHL,8616691,11484107,15639475,15860076,16195418,16816098,17092979,17204022,16436994,17002512,17400444,17787847
"Labor force, female",SL.TLF.TOTL.FE.IN,Poland,POL,8020895,7951675,8139611,8204047,8200604,8253294,8205934,8204707,8214461,8209550,8140981,8078341
"Labor force, female",SL.TLF.TOTL.FE.IN,Portugal,PRT,2019753,2382892,2594875,2597645,2569783,2550694,2548230,2538200,2565919,2587564,2569385,2549797
"Labor force, female",SL.TLF.TOTL.FE.IN,Puerto Rico,PRI,412961,534465,542868,530303,518023,503112,487646,481682,472330,455176,450269,442803
"Labor force, female",SL.TLF.TOTL.FE.IN,Qatar,QAT,42320,55252,183743,203583,224151,244427,263614,270879,276795,282799,290304,298001
"Labor force, female",SL.TLF.TOTL.FE.IN,Romania,ROU,5679785,5465517,4064810,4059478,4023485,4022061,3919077,3838611,3942145,3899819,3835461,3778812
"Labor force, female",SL.TLF.TOTL.FE.IN,Russian Federation,RUS,36626547,35484923,37106635,36988506,36685819,36543719,36336795,36318820,35946506,35865476,35469285,35084656
"Labor force, female",SL.TLF.TOTL.FE.IN,Rwanda,RWA,1652663,1932951,2615166,2686708,2760850,2836582,2918739,3009099,3099606,3191306,3287616,3389061
"Labor force, female",SL.TLF.TOTL.FE.IN,Samoa,WSM,15450,16347,17736,17932,18095,18148,18143,18162,18197,18272,18476,18758
"Labor force, female",SL.TLF.TOTL.FE.IN,San Marino,SMR,..,..,..,..,..,..,..,..,..,..,..,..
"Labor force, female",SL.TLF.TOTL.FE.IN,Sao Tome and Principe,STP,11711,15696,21876,22358,22789,23220,23695,24242,24811,25418,25930,26294
"Labor force, female",SL.TLF.TOTL.FE.IN,Saudi Arabia,SAU,550615,888154,1635999,1773947,1843191,1949526,2143232,2283954,2258587,2229048,2276739,2325071
"Labor force, female",SL.TLF.TOTL.FE.IN,Senegal,SEN,669490,941602,1336154,1377918,1421418,1466327,1512727,1560498,1611360,1665343,1719104,1774457
"Labor force, female",SL.TLF.TOTL.FE.IN,Serbia,SRB,1421885,1442146,1319878,1329142,1354777,1366749,1354423,1411622,1432943,1441379,1434062,1426800
"Labor force, female",SL.TLF.TOTL.FE.IN,Seychelles,SYC,..,..,..,..,..,..,..,..,..,..,..,..
"Labor force, female",SL.TLF.TOTL.FE.IN,Sierra Leone,SLE,778972,816725,1112702,1127518,1143278,1159409,1195806,1229826,1264867,1301108,1333580,1367128
"Labor force, female",SL.TLF.TOTL.FE.IN,Singapore,SGP,566350,833337,1252145,1306534,1339378,1389566,1437724,1460323,1454107,1458788,1474266,1487863
"Labor force, female",SL.TLF.TOTL.FE.IN,Sint Maarten (Dutch part),SXM,..,..,..,..,..,..,..,..,..,..,..,..
"Labor force, female",SL.TLF.TOTL.FE.IN,Slovak Republic,SVK,1227754,1178501,1193675,1208396,1217842,1219333,1240003,1256040,1259920,1249531,1244019,1238231
"Labor force, female",SL.TLF.TOTL.FE.IN,Slovenia,SVN,433318,442293,467246,466887,462174,466876,463656,463548,477862,479353,475269,470814
"Labor force, female",SL.TLF.TOTL.FE.IN,Solomon Islands,SLB,67878,96460,131965,135463,139102,142903,146860,150715,154826,159118,164192,167374
"Labor force, female",SL.TLF.TOTL.FE.IN,Somalia,SOM,495660,512973,662489,686942,716545,748225,780084,812802,846355,880926,910664,941770
"Labor force, female",SL.TLF.TOTL.FE.IN,South Africa,ZAF,4638508,6855666,8512259,8724781,9088275,9309086,9725772,9901100,10250032,10391098,10573379,10750613
"Labor force, female",SL.TLF.TOTL.FE.IN,South Sudan,SSD,1102492,1227358,1982271,2044626,2101029,2151308,2196216,2229049,2255014,2279545,2309715,2348318
"Labor force, female",SL.TLF.TOTL.FE.IN,Spain,ESP,5431743,7208272,10609479,10737181,10725227,10671210,10671191,10707425,10666289,10657423,10638162,10610682
"Labor force, female",SL.TLF.TOTL.FE.IN,Sri Lanka,LKA,2662077,2590950,2727421,2619027,2854782,2817522,2960698,3014591,3044897,3082405,3096043,3109401
"Labor force, female",SL.TLF.TOTL.FE.IN,St. Kitts and Nevis,KNA,..,..,..,..,..,..,..,..,..,..,..,..
"Labor force, female",SL.TLF.TOTL.FE.IN,St. Lucia,LCA,21496,28900,40125,40920,41542,42249,42913,43689,44424,44886,45486,45797
"Labor force, female",SL.TLF.TOTL.FE.IN,St. Martin (French part),MAF,..,..,..,..,..,..,..,..,..,..,..,..
"Labor force, female",SL.TLF.TOTL.FE.IN,St. Vincent and the Grenadines,VCT,15027,18157,20927,21137,21389,21606,21805,22095,22392,22759,23103,23195
"Labor force, female",SL.TLF.TOTL.FE.IN,Sudan,SDN,1292858,2180897,2883129,2969412,3069181,3177000,3289380,3403657,3525120,3658862,3768548,3882267
"Labor force, female",SL.TLF.TOTL.FE.IN,Suriname,SUR,45132,53805,75165,76763,78353,79384,79629,79245,80389,81587,82931,83823
"Labor force, female",SL.TLF.TOTL.FE.IN,Sweden,SWE,2262687,2152634,2366759,2388896,2420588,2443804,2473722,2502105,2542284,2581717,2598999,2615799
"Labor force, female",SL.TLF.TOTL.FE.IN,Switzerland,CHE,1645775,1771581,2082898,2116308,2151017,2202269,2238439,2278042,2286576,2312182,2326190,2338020
"Labor force, female",SL.TLF.TOTL.FE.IN,Syrian Arab Republic,SYR,788169,967089,881874,876407,866863,857513,850468,841605,841749,848180,854770,872870
"Labor force, female",SL.TLF.TOTL.FE.IN,Tajikistan,TJK,442980,544668,749446,774520,800217,826205,852425,878686,889743,901421,920688,939819
"Labor force, female",SL.TLF.TOTL.FE.IN,Tanzania,TZA,5894661,7956538,10603032,10789940,10971537,11145842,11506279,11886222,12279515,12687523,13090830,13512233
"Labor force, female",SL.TLF.TOTL.FE.IN,Thailand,THA,13383971,16061856,18614734,18542302,17913923,17771007,17765925,17646857,17540184,17738082,17779536,17807376
"Labor force, female",SL.TLF.TOTL.FE.IN,Timor-Leste,TLS,152794,161055,193209,198257,205531,216012,219784,226696,235409,242371,249384,255738
"Labor force, female",SL.TLF.TOTL.FE.IN,Togo,TGO,838965,1146006,1467517,1509221,1552740,1597863,1644437,1691608,1740113,1790135,1838276,1888495
"Labor force, female",SL.TLF.TOTL.FE.IN,Tonga,TON,10338,13293,15110,15087,15039,14998,15010,15104,15303,15564,15734,16198
"Labor force, female",SL.TLF.TOTL.FE.IN,Trinidad and Tobago,TTO,158562,221695,271130,279791,282954,286721,280717,284384,283079,283264,283852,284398
"Labor force, female",SL.TLF.TOTL.FE.IN,Tunisia,TUN,577823,795750,1023680,1067303,1072197,1073428,1073446,1071643,1071829,1072699,1075671,1076937
"Labor force, female",SL.TLF.TOTL.FE.IN,Turkey,TUR,6040059,5931751,7856947,8169836,8687719,8903562,9449249,9945526,10467390,10837337,11003886,11141210
"Labor force, female",SL.TLF.TOTL.FE.IN,Turkmenistan,TKM,544007,749421,962618,980372,995983,1011519,1028154,1040537,1055983,1072831,1087258,1099825
"Labor force, female",SL.TLF.TOTL.FE.IN,Turks and Caicos Islands,TCA,..,..,..,..,..,..,..,..,..,..,..,..
"Labor force, female",SL.TLF.TOTL.FE.IN,Tuvalu,TUV,..,..,..,..,..,..,..,..,..,..,..,..
"Labor force, female",SL.TLF.TOTL.FE.IN,Uganda,UGA,2869876,3942029,5894448,6130715,6368381,6623992,6900182,7199637,7523856,7862891,8215295,8568251
"Labor force, female",SL.TLF.TOTL.FE.IN,Ukraine,UKR,12213882,11266278,10333665,10121674,10263357,9903470,9914042,9805421,9729562,9645608,9530991,9417906
"Labor force, female",SL.TLF.TOTL.FE.IN,United Arab Emirates,ARE,98997,211153,781200,852680,923627,993600,1061960,1109020,1159898,1179643,1202897,1225979
"Labor force, female",SL.TLF.TOTL.FE.IN,United Kingdom,GBR,12545040,13248019,14862252,15027306,15223240,15406687,15555538,15728675,15904757,16070172,16167101,16252454
"Labor force, female",SL.TLF.TOTL.FE.IN,United States,USA,56694086,66853876,72383122,72876151,72884804,73330265,73654912,74561677,75604511,76211010,76449785,76695125
"Labor force, female",SL.TLF.TOTL.FE.IN,Uruguay,URY,548026,668246,774694,776509,769301,787399,788456,795146,794511,796050,802005,808012
"Labor force, female",SL.TLF.TOTL.FE.IN,Uzbekistan,UZB,3061920,4019963,5492519,5605916,5723360,5841525,5952946,6060183,6157313,6251516,6309977,6368247
"Labor force, female",SL.TLF.TOTL.FE.IN,Vanuatu,VUT,24510,31972,45357,46581,47871,49094,50356,51865,53206,54544,56201,57498
"Labor force, female",SL.TLF.TOTL.FE.IN,"Venezuela, RB",VEN,2728996,3824142,5108476,5201320,5320756,5377104,5390839,5238730,5078337,4888950,4836633,4810651
"Labor force, female",SL.TLF.TOTL.FE.IN,Vietnam,VNM,15910712,20186755,25199599,25607204,26218478,26559296,26608550,26758475,27023828,27199880,27424004,27633217
"Labor force, female",SL.TLF.TOTL.FE.IN,Virgin Islands (U.S.),VIR,23002,24999,27060,27019,26960,26876,26879,26898,26829,26795,26863,26743
"Labor force, female",SL.TLF.TOTL.FE.IN,West Bank and Gaza,PSE,58912,94187,170771,182177,184108,198955,223715,223802,233505,241023,252125,262922
"Labor force, female",SL.TLF.TOTL.FE.IN,"Yemen, Rep.",YEM,492032,907113,608533,555102,506374,462158,474115,485649,499542,514629,517184,518996
"Labor force, female",SL.TLF.TOTL.FE.IN,Zambia,ZMB,1585292,2090497,2691138,2763954,2862970,2967939,3079380,3194745,3317415,3446134,3576907,3710750
"Labor force, female",SL.TLF.TOTL.FE.IN,Zimbabwe,ZWE,2122880,2583132,3148004,3197260,3250597,3304044,3357759,3405425,3458756,3517299,3582722,3650084
,,,,,,,,,,,,,,,
,,,,,,,,,,,,,,,
,,,,,,,,,,,,,,,
Data from database: Gender Statistics,,,,,,,,,,,,,,,
Last Updated: 05/19/2020,,,,,,,,,,,,,,,
